ip.len,ip.flags.df,ip.flags.mf,ip.fragment,ip.fragment.count,ip.fragments,ip.ttl,ip.proto,tcp.window_size,tcp.ack,tcp.seq,tcp.len,tcp.stream,tcp.urgent_pointer,tcp.flags,tcp.analysis.ack_rtt,tcp.segments,tcp.reassembled.length,ssl.handshake,ssl.record,ssl.record.content_type,ssl.handshake.cert_url.url_len,ssl.handshake.certificate_length,ssl.handshake.cert_type,ssl.handshake.cert_type.type,ssl.handshake.cert_type.types,ssl.handshake.cert_type.types_len,ssl.handshake.cert_types,ssl.handshake.cert_types_count,dtls.handshake.extension.len,dtls.handshake.extension.type,dtls.handshake.session_id,dtls.handshake.session_id_length,dtls.handshake.session_ticket_length,dtls.handshake.sig_hash_alg_len,dtls.handshake.sig_len,dtls.handshake.version,dtls.heartbeat_message.padding,dtls.heartbeat_message.payload_length,dtls.heartbeat_message.payload_length.invalid,dtls.record.content_type,dtls.record.content_type,dtls.record.length,dtls.record.sequence_number,dtls.record.version,dtls.change_cipher_spec,dtls.fragment.count,dtls.handshake.cert_type.types_len,dtls.handshake.certificate_length,dtls.handshake.certificates_length,dtls.handshake.cipher_suites_length,dtls.handshake.comp_methods_length,dtls.handshake.exponent_len,dtls.handshake.extension.len,dtls.handshake.extensions_alpn_str,dtls.handshake.extensions_alpn_str_len,dtls.handshake.extensions_key_share_client_length,http.request,udp.port,frame.time_relative,frame.time_delta,tcp.time_relative,tcp.time_delta
"83","0","0",,,,"42","6","285","1","1","31","0","0","0x00000018",,,,,"1","21",,,,,,,,,,,,,,,,,,,,,,,,,,,,,,,,,,,,,,,"0.000000000","0.000000000","0.000000000","0.000000000"
"52","1","0",,,,"64","6","4095","32","1","0","0","0","0x00000010","0.000036000",,,,,,,,,,,,,,,,,,,,,,,,,,,,,,,,,,,,,,,,,,,,"0.000036000","0.000036000","0.000036000","0.000036000"
"52","0","0",,,,"42","6","285","1","32","0","0","0","0x00000011",,,,,,,,,,,,,,,,,,,,,,,,,,,,,,,,,,,,,,,,,,,,,"0.000292000","0.000256000","0.000292000","0.000256000"
"52","1","0",,,,"64","6","4095","33","1","0","0","0","0x00000010","0.000019000",,,,,,,,,,,,,,,,,,,,,,,,,,,,,,,,,,,,,,,,,,,,"0.000311000","0.000019000","0.000311000","0.000019000"
"40","0","0",,,,"64","6","4096","1","1","0","1","0","0x00000010",,,,,,,,,,,,,,,,,,,,,,,,,,,,,,,,,,,,,,,,,,,,,"2.040469000","2.040158000","0.000000000","0.000000000"
"83","0","0",,,,"41","6","37","1","1","31","2","0","0x00000018",,,,,"1","21",,,,,,,,,,,,,,,,,,,,,,,,,,,,,,,,,,,,,,,"2.042199000","0.001730000","0.000000000","0.000000000"
"52","0","0",,,,"41","6","37","1","32","0","2","0","0x00000011",,,,,,,,,,,,,,,,,,,,,,,,,,,,,,,,,,,,,,,,,,,,,"2.042201000","0.000002000","0.000002000","0.000002000"
"52","1","0",,,,"64","6","4095","32","1","0","2","0","0x00000010","0.000036000",,,,,,,,,,,,,,,,,,,,,,,,,,,,,,,,,,,,,,,,,,,,"2.042235000","0.000034000","0.000036000","0.000034000"
"52","1","0",,,,"64","6","4095","33","1","0","2","0","0x00000010","0.000035000",,,,,,,,,,,,,,,,,,,,,,,,,,,,,,,,,,,,,,,,,,,,"2.042236000","0.000001000","0.000037000","0.000001000"
"83","0","0",,,,"41","6","147","1","1","31","3","0","0x00000018",,,,,"1","21",,,,,,,,,,,,,,,,,,,,,,,,,,,,,,,,,,,,,,,"2.043162000","0.000926000","0.000000000","0.000000000"
"52","0","0",,,,"41","6","147","1","32","0","3","0","0x00000011",,,,,,,,,,,,,,,,,,,,,,,,,,,,,,,,,,,,,,,,,,,,,"2.043164000","0.000002000","0.000002000","0.000002000"
"52","1","0",,,,"64","6","4095","32","1","0","3","0","0x00000010","0.000037000",,,,,,,,,,,,,,,,,,,,,,,,,,,,,,,,,,,,,,,,,,,,"2.043199000","0.000035000","0.000037000","0.000035000"
"52","1","0",,,,"64","6","4095","33","1","0","3","0","0x00000010","0.000035000",,,,,,,,,,,,,,,,,,,,,,,,,,,,,,,,,,,,,,,,,,,,"2.043199000","0.000000000","0.000037000","0.000000000"
"52","0","0",,,,"54","6","243","2","1","0","1","0","0x00000010",,,,,,,,,,,,,,,,,,,,,,,,,,,,,,,,,,,,,,,,,,,,,"2.045583000","0.002384000","0.005114000","0.005114000"
"40","0","0",,,,"64","6","4096","1","1","0","4","0","0x00000010",,,,,,,,,,,,,,,,,,,,,,,,,,,,,,,,,,,,,,,,,,,,,"2.223931000","0.178348000","0.000000000","0.000000000"
"52","1","0",,,,"54","6","269","2","1","0","4","0","0x00000010",,,,,,,,,,,,,,,,,,,,,,,,,,,,,,,,,,,,,,,,,,,,,"2.228289000","0.004358000","0.004358000","0.004358000"
"86","0","0",,,,"39","6","4548","1","1","46","5","0","0x00000010",,,,,"1","23",,,,,,,,,,,,,,,,,,,,,,,,,,,,,,,,,,,,,,,"2.334885000","0.106596000","0.000000000","0.000000000"
"71","1","0",,,,"40","6","4548","1","47","31","5","0","0x00000018",,,,,"1","21",,,,,,,,,,,,,,,,,,,,,,,,,,,,,,,,,,,,,,,"2.334887000","0.000002000","0.000002000","0.000002000"
"40","1","0",,,,"64","6","8189","78","1","0","5","0","0x00000010","0.000068000",,,,,,,,,,,,,,,,,,,,,,,,,,,,,,,,,,,,,,,,,,,,"2.334955000","0.000068000","0.000070000","0.000068000"
"40","1","0",,,,"64","6","8192","78","1","0","5","0","0x00000011",,,,,,,,,,,,,,,,,,,,,,,,,,,,,,,,,,,,,,,,,,,,,"2.335013000","0.000058000","0.000128000","0.000058000"
"40","0","0",,,,"39","6","4548","1","78","0","5","0","0x00000011",,,,,,,,,,,,,,,,,,,,,,,,,,,,,,,,,,,,,,,,,,,,,"2.335803000","0.000790000","0.000918000","0.000790000"
"40","1","0",,,,"64","6","8192","79","1","0","5","0","0x00000011","0.000022000",,,,,,,,,,,,,,,,,,,,,,,,,,,,,,,,,,,,,,,,,,,,"2.335825000","0.000022000","0.000940000","0.000022000"
"40","0","0",,,,"64","6","4096","1","1","0","6","0","0x00000010",,,,,,,,,,,,,,,,,,,,,,,,,,,,,,,,,,,,,,,,,,,,,"2.419134000","0.083309000","0.000000000","0.000000000"
"52","1","0",,,,"54","6","252","2","1","0","6","0","0x00000010",,,,,,,,,,,,,,,,,,,,,,,,,,,,,,,,,,,,,,,,,,,,,"2.425409000","0.006275000","0.006275000","0.006275000"
"40","0","0",,,,"64","6","4096","1","1","0","7","0","0x00000010",,,,,,,,,,,,,,,,,,,,,,,,,,,,,,,,,,,,,,,,,,,,,"2.426782000","0.001373000","0.000000000","0.000000000"
"40","0","0",,,,"64","6","4096","1","1","0","8","0","0x00000010",,,,,,,,,,,,,,,,,,,,,,,,,,,,,,,,,,,,,,,,,,,,,"2.426782000","0.000000000","0.000000000","0.000000000"
"52","1","0",,,,"54","6","243","2","1","0","8","0","0x00000010",,,,,,,,,,,,,,,,,,,,,,,,,,,,,,,,,,,,,,,,,,,,,"2.431540000","0.004758000","0.004758000","0.004758000"
"52","1","0",,,,"54","6","243","2","1","0","7","0","0x00000010",,,,,,,,,,,,,,,,,,,,,,,,,,,,,,,,,,,,,,,,,,,,,"2.431542000","0.000002000","0.004760000","0.004760000"
"40","0","0",,,,"64","6","4096","1","1","0","9","0","0x00000010",,,,,,,,,,,,,,,,,,,,,,,,,,,,,,,,,,,,,,,,,,,,,"2.447842000","0.016300000","0.000000000","0.000000000"
"52","1","0",,,,"54","6","250","2","1","0","9","0","0x00000010",,,,,,,,,,,,,,,,,,,,,,,,,,,,,,,,,,,,,,,,,,,,,"2.454281000","0.006439000","0.006439000","0.006439000"
"40","0","0",,,,"64","6","4096","1","1","0","10","0","0x00000010",,,,,,,,,,,,,,,,,,,,,,,,,,,,,,,,,,,,,,,,,,,,,"2.668910000","0.214629000","0.000000000","0.000000000"
"52","1","0",,,,"54","6","243","2","1","0","10","0","0x00000010",,,,,,,,,,,,,,,,,,,,,,,,,,,,,,,,,,,,,,,,,,,,,"2.674534000","0.005624000","0.005624000","0.005624000"
"40","1","0",,,,"39","6","4548","2","79","0","5","0","0x00000010","0.384357000",,,,,,,,,,,,,,,,,,,,,,,,,,,,,,,,,,,,,,,,,,,,"2.719370000","0.044836000","0.384485000","0.383545000"
"40","0","0",,,,"64","6","4096","1","1","0","11","0","0x00000010",,,,,,,,,,,,,,,,,,,,,,,,,,,,,,,,,,,,,,,,,,,,,"2.769814000","0.050444000","0.000000000","0.000000000"
"52","1","0",,,,"54","6","252","2","1","0","11","0","0x00000010",,,,,,,,,,,,,,,,,,,,,,,,,,,,,,,,,,,,,,,,,,,,,"2.776051000","0.006237000","0.006237000","0.006237000"
"40","0","0",,,,"64","6","4096","1","1","0","12","0","0x00000010",,,,,,,,,,,,,,,,,,,,,,,,,,,,,,,,,,,,,,,,,,,,,"2.776062000","0.000011000","0.000000000","0.000000000"
"52","1","0",,,,"54","6","252","2","1","0","12","0","0x00000010",,,,,,,,,,,,,,,,,,,,,,,,,,,,,,,,,,,,,,,,,,,,,"2.780955000","0.004893000","0.004893000","0.004893000"
"40","0","0",,,,"64","6","4096","1","1","0","13","0","0x00000010",,,,,,,,,,,,,,,,,,,,,,,,,,,,,,,,,,,,,,,,,,,,,"3.445296000","0.664341000","0.000000000","0.000000000"
"52","1","0",,,,"54","6","252","2","1","0","13","0","0x00000010",,,,,,,,,,,,,,,,,,,,,,,,,,,,,,,,,,,,,,,,,,,,,"3.451579000","0.006283000","0.006283000","0.006283000"
"40","0","0",,,,"64","6","4096","1","1","0","14","0","0x00000010",,,,,,,,,,,,,,,,,,,,,,,,,,,,,,,,,,,,,,,,,,,,,"3.557178000","0.105599000","0.000000000","0.000000000"
"52","0","0",,,,"40","6","35","2","1","0","14","0","0x00000010",,,,,,,,,,,,,,,,,,,,,,,,,,,,,,,,,,,,,,,,,,,,,"4.036918000","0.479740000","0.479740000","0.479740000"
"40","1","0",,,,"64","6","4095","33","1","0","0","0","0x00000014",,,,,,,,,,,,,,,,,,,,,,,,,,,,,,,,,,,,,,,,,,,,,"4.289792000","0.252874000","4.289792000","4.289481000"
"40","1","0",,,,"64","6","4095","33","1","0","2","0","0x00000014",,,,,,,,,,,,,,,,,,,,,,,,,,,,,,,,,,,,,,,,,,,,,"4.290390000","0.000598000","2.248191000","2.248154000"
"40","1","0",,,,"64","6","4095","33","1","0","3","0","0x00000014",,,,,,,,,,,,,,,,,,,,,,,,,,,,,,,,,,,,,,,,,,,,,"4.290390000","0.000000000","2.247228000","2.247191000"
"1073","1","0",,,,"64","6","4096","1","1","1021","15","0","0x00000018",,,,,"1","23",,,,,,,,,,,,,,,,,,,,,,,,,,,,,,,,,,,,,,,"4.290390000","0.000000000","0.000000000","0.000000000"
"83","0","0",,,,"41","6","49","1","1","31","16","0","0x00000018",,,,,"1","21",,,,,,,,,,,,,,,,,,,,,,,,,,,,,,,,,,,,,,,"4.308034000","0.017644000","0.000000000","0.000000000"
"52","1","0",,,,"64","6","4095","32","1","0","16","0","0x00000010","0.000040000",,,,,,,,,,,,,,,,,,,,,,,,,,,,,,,,,,,,,,,,,,,,"4.308074000","0.000040000","0.000040000","0.000040000"
"52","0","0",,,,"41","6","49","1","32","0","16","0","0x00000011",,,,,,,,,,,,,,,,,,,,,,,,,,,,,,,,,,,,,,,,,,,,,"4.308198000","0.000124000","0.000164000","0.000124000"
"52","1","0",,,,"64","6","4095","33","1","0","16","0","0x00000010","0.000058000",,,,,,,,,,,,,,,,,,,,,,,,,,,,,,,,,,,,,,,,,,,,"4.308256000","0.000058000","0.000222000","0.000058000"
"83","0","0",,,,"39","6","137","1","1","31","17","0","0x00000018",,,,,"1","21",,,,,,,,,,,,,,,,,,,,,,,,,,,,,,,,,,,,,,,"4.494563000","0.186307000","0.000000000","0.000000000"
"52","1","0",,,,"64","6","4102","32","1","0","17","0","0x00000010","0.000148000",,,,,,,,,,,,,,,,,,,,,,,,,,,,,,,,,,,,,,,,,,,,"4.494711000","0.000148000","0.000148000","0.000148000"
"52","0","0",,,,"39","6","137","1","32","0","17","0","0x00000011",,,,,,,,,,,,,,,,,,,,,,,,,,,,,,,,,,,,,,,,,,,,,"4.494775000","0.000064000","0.000212000","0.000064000"
"52","1","0",,,,"64","6","4102","33","1","0","17","0","0x00000010","0.000019000",,,,,,,,,,,,,,,,,,,,,,,,,,,,,,,,,,,,,,,,,,,,"4.494794000","0.000019000","0.000231000","0.000019000"
"267","0","0",,,,"48","6","166","1022","1","215","15","0","0x00000018","0.291713000",,,,"1","23",,,,,,,,,,,,,,,,,,,,,,,,,,,,,,,,,,,,,,,"4.582103000","0.087309000","0.291713000","0.291713000"
"52","1","0",,,,"64","6","4089","216","1022","0","15","0","0x00000010","0.000094000",,,,,,,,,,,,,,,,,,,,,,,,,,,,,,,,,,,,,,,,,,,,"4.582197000","0.000094000","0.291807000","0.000094000"
"83","0","0",,,,"41","6","49","1","1","31","16","0","0x00000018",,,,,"1","21",,,,,,,,,,,,,,,,,,,,,,,,,,,,,,,,,,,,,,,"5.124268000","0.542071000","0.816234000","0.816012000"
"64","1","0",,,,"64","6","4095","33","1","0","16","0","0x00000010",,,,,,,,,,,,,,,,,,,,,,,,,,,,,,,,,,,,,,,,,,,,,"5.124302000","0.000034000","0.816268000","0.000034000"
"83","0","0",,,,"47","6","37","1","1","31","18","0","0x00000018",,,,,"1","21",,,,,,,,,,,,,,,,,,,,,,,,,,,,,,,,,,,,,,,"6.140768000","1.016466000","0.000000000","0.000000000"
"52","0","0",,,,"47","6","37","1","32","0","18","0","0x00000011",,,,,,,,,,,,,,,,,,,,,,,,,,,,,,,,,,,,,,,,,,,,,"6.140819000","0.000051000","0.000051000","0.000051000"
"52","1","0",,,,"64","6","4095","32","1","0","18","0","0x00000010","0.000086000",,,,,,,,,,,,,,,,,,,,,,,,,,,,,,,,,,,,,,,,,,,,"6.140854000","0.000035000","0.000086000","0.000035000"
"52","1","0",,,,"64","6","4095","33","1","0","18","0","0x00000010","0.000035000",,,,,,,,,,,,,,,,,,,,,,,,,,,,,,,,,,,,,,,,,,,,"6.140854000","0.000000000","0.000086000","0.000000000"
"71","0","0",,,,"40","6","358","1","1","31","19","0","0x00000018",,,,,"1","21",,,,,,,,,,,,,,,,,,,,,,,,,,,,,,,,,,,,,,,"6.156041000","0.015187000","0.000000000","0.000000000"
"40","1","0",,,,"64","6","8191","32","1","0","19","0","0x00000010","0.000115000",,,,,,,,,,,,,,,,,,,,,,,,,,,,,,,,,,,,,,,,,,,,"6.156156000","0.000115000","0.000115000","0.000115000"
"40","0","0",,,,"40","6","358","1","32","0","19","0","0x00000011",,,,,,,,,,,,,,,,,,,,,,,,,,,,,,,,,,,,,,,,,,,,,"6.156288000","0.000132000","0.000247000","0.000132000"
"40","1","0",,,,"64","6","8191","33","1","0","19","0","0x00000010","0.000060000",,,,,,,,,,,,,,,,,,,,,,,,,,,,,,,,,,,,,,,,,,,,"6.156348000","0.000060000","0.000307000","0.000060000"
"71","0","0",,,,"40","6","336","1","1","31","20","0","0x00000018",,,,,"1","21",,,,,,,,,,,,,,,,,,,,,,,,,,,,,,,,,,,,,,,"6.187349000","0.031001000","0.000000000","0.000000000"
"40","1","0",,,,"64","6","8191","32","1","0","20","0","0x00000010","0.000062000",,,,,,,,,,,,,,,,,,,,,,,,,,,,,,,,,,,,,,,,,,,,"6.187411000","0.000062000","0.000062000","0.000062000"
"40","0","0",,,,"40","6","336","1","32","0","20","0","0x00000011",,,,,,,,,,,,,,,,,,,,,,,,,,,,,,,,,,,,,,,,,,,,,"6.189866000","0.002455000","0.002517000","0.002455000"
"40","1","0",,,,"64","6","8191","33","1","0","20","0","0x00000010","0.000037000",,,,,,,,,,,,,,,,,,,,,,,,,,,,,,,,,,,,,,,,,,,,"6.189903000","0.000037000","0.002554000","0.000037000"
"71","0","0",,,,"42","6","389","1","1","31","21","0","0x00000018",,,,,"1","21",,,,,,,,,,,,,,,,,,,,,,,,,,,,,,,,,,,,,,,"6.227228000","0.037325000","0.000000000","0.000000000"
"40","1","0",,,,"64","6","8191","32","1","0","21","0","0x00000010","0.000022000",,,,,,,,,,,,,,,,,,,,,,,,,,,,,,,,,,,,,,,,,,,,"6.227250000","0.000022000","0.000022000","0.000022000"
"40","0","0",,,,"42","6","389","1","32","0","21","0","0x00000011",,,,,,,,,,,,,,,,,,,,,,,,,,,,,,,,,,,,,,,,,,,,,"6.227719000","0.000469000","0.000491000","0.000469000"
"40","1","0",,,,"64","6","8191","33","1","0","21","0","0x00000010","0.000031000",,,,,,,,,,,,,,,,,,,,,,,,,,,,,,,,,,,,,,,,,,,,"6.227750000","0.000031000","0.000522000","0.000031000"
"71","0","0",,,,"42","6","422","1","1","31","22","0","0x00000018",,,,,"1","21",,,,,,,,,,,,,,,,,,,,,,,,,,,,,,,,,,,,,,,"6.270892000","0.043142000","0.000000000","0.000000000"
"40","1","0",,,,"64","6","8191","32","1","0","22","0","0x00000010","0.000029000",,,,,,,,,,,,,,,,,,,,,,,,,,,,,,,,,,,,,,,,,,,,"6.270921000","0.000029000","0.000029000","0.000029000"
"40","0","0",,,,"42","6","422","1","32","0","22","0","0x00000011",,,,,,,,,,,,,,,,,,,,,,,,,,,,,,,,,,,,,,,,,,,,,"6.272232000","0.001311000","0.001340000","0.001311000"
"40","1","0",,,,"64","6","8191","33","1","0","22","0","0x00000010","0.000048000",,,,,,,,,,,,,,,,,,,,,,,,,,,,,,,,,,,,,,,,,,,,"6.272280000","0.000048000","0.001388000","0.000048000"
"83","0","0",,,,"47","6","144","1","1","31","23","0","0x00000018",,,,,"1","21",,,,,,,,,,,,,,,,,,,,,,,,,,,,,,,,,,,,,,,"6.283507000","0.011227000","0.000000000","0.000000000"
"52","1","0",,,,"64","6","4095","32","1","0","23","0","0x00000010","0.000031000",,,,,,,,,,,,,,,,,,,,,,,,,,,,,,,,,,,,,,,,,,,,"6.283538000","0.000031000","0.000031000","0.000031000"
"52","0","0",,,,"47","6","144","1","32","0","23","0","0x00000011",,,,,,,,,,,,,,,,,,,,,,,,,,,,,,,,,,,,,,,,,,,,,"6.283793000","0.000255000","0.000286000","0.000255000"
"52","1","0",,,,"64","6","4095","33","1","0","23","0","0x00000010","0.000018000",,,,,,,,,,,,,,,,,,,,,,,,,,,,,,,,,,,,,,,,,,,,"6.283811000","0.000018000","0.000304000","0.000018000"
"71","0","0",,,,"39","6","311","1","1","31","24","0","0x00000018",,,,,"1","21",,,,,,,,,,,,,,,,,,,,,,,,,,,,,,,,,,,,,,,"6.292168000","0.008357000","0.000000000","0.000000000"
"40","1","0",,,,"64","6","8191","32","1","0","24","0","0x00000010","0.000098000",,,,,,,,,,,,,,,,,,,,,,,,,,,,,,,,,,,,,,,,,,,,"6.292266000","0.000098000","0.000098000","0.000098000"
"40","0","0",,,,"39","6","311","1","32","0","24","0","0x00000011",,,,,,,,,,,,,,,,,,,,,,,,,,,,,,,,,,,,,,,,,,,,,"6.292452000","0.000186000","0.000284000","0.000186000"
"40","1","0",,,,"64","6","8191","33","1","0","24","0","0x00000010","0.000043000",,,,,,,,,,,,,,,,,,,,,,,,,,,,,,,,,,,,,,,,,,,,"6.292495000","0.000043000","0.000327000","0.000043000"
"40","0","0",,,,"64","6","8192","1","1","0","25","0","0x00000010",,,,,,,,,,,,,,,,,,,,,,,,,,,,,,,,,,,,,,,,,,,,,"6.437922000","0.145427000","0.000000000","0.000000000"
"40","0","0",,,,"53","6","62","2","1","0","25","0","0x00000010",,,,,,,,,,,,,,,,,,,,,,,,,,,,,,,,,,,,,,,,,,,,,"6.443028000","0.005106000","0.005106000","0.005106000"
"71","0","0",,,,"41","6","321","1","1","31","26","0","0x00000018",,,,,"1","21",,,,,,,,,,,,,,,,,,,,,,,,,,,,,,,,,,,,,,,"6.489875000","0.046847000","0.000000000","0.000000000"
"40","1","0",,,,"64","6","8191","32","1","0","26","0","0x00000010","0.000028000",,,,,,,,,,,,,,,,,,,,,,,,,,,,,,,,,,,,,,,,,,,,"6.489903000","0.000028000","0.000028000","0.000028000"
"40","0","0",,,,"41","6","321","1","32","0","26","0","0x00000011",,,,,,,,,,,,,,,,,,,,,,,,,,,,,,,,,,,,,,,,,,,,,"6.490603000","0.000700000","0.000728000","0.000700000"
"40","1","0",,,,"64","6","8191","33","1","0","26","0","0x00000010","0.000019000",,,,,,,,,,,,,,,,,,,,,,,,,,,,,,,,,,,,,,,,,,,,"6.490622000","0.000019000","0.000747000","0.000019000"
"71","0","0",,,,"42","6","422","1","1","31","22","0","0x00000018",,,,,"1","21",,,,,,,,,,,,,,,,,,,,,,,,,,,,,,,,,,,,,,,"6.820527000","0.329905000","0.549635000","0.548247000"
"52","1","0",,,,"64","6","8191","33","1","0","22","0","0x00000010",,,,,,,,,,,,,,,,,,,,,,,,,,,,,,,,,,,,,,,,,,,,,"6.820569000","0.000042000","0.549677000","0.000042000"
"71","0","0",,,,"39","6","311","1","1","31","24","0","0x00000018",,,,,"1","21",,,,,,,,,,,,,,,,,,,,,,,,,,,,,,,,,,,,,,,"6.845420000","0.024851000","0.553252000","0.552925000"
"52","1","0",,,,"64","6","8191","33","1","0","24","0","0x00000010",,,,,,,,,,,,,,,,,,,,,,,,,,,,,,,,,,,,,,,,,,,,,"6.845447000","0.000027000","0.553279000","0.000027000"
"108","0","0",,,,"54","6","255","1","1","56","27","0","0x00000018",,,,,"1","23",,,,,,,,,,,,,,,,,,,,,,,,,,,,,,,,,,,,,,,"7.346139000","0.500692000","0.000000000","0.000000000"
"52","1","0",,,,"64","6","4094","57","1","0","27","0","0x00000010","0.000065000",,,,,,,,,,,,,,,,,,,,,,,,,,,,,,,,,,,,,,,,,,,,"7.346204000","0.000065000","0.000065000","0.000065000"
"52","1","0",,,,"64","6","4096","57","1","0","27","0","0x00000011",,,,,,,,,,,,,,,,,,,,,,,,,,,,,,,,,,,,,,,,,,,,,"7.346455000","0.000251000","0.000316000","0.000251000"
"52","0","0",,,,"54","6","255","1","57","0","27","0","0x00000011",,,,,,,,,,,,,,,,,,,,,,,,,,,,,,,,,,,,,,,,,,,,,"7.347581000","0.001126000","0.001442000","0.001126000"
"52","1","0",,,,"64","6","4096","58","1","0","27","0","0x00000011","0.000054000",,,,,,,,,,,,,,,,,,,,,,,,,,,,,,,,,,,,,,,,,,,,"7.347635000","0.000054000","0.001496000","0.000054000"
"52","0","0",,,,"54","6","255","2","58","0","27","0","0x00000010","0.006619000",,,,,,,,,,,,,,,,,,,,,,,,,,,,,,,,,,,,,,,,,,,,"7.353074000","0.005439000","0.006935000","0.005439000"
"40","0","0",,,,"64","6","8192","1","1","0","28","0","0x00000010",,,,,,,,,,,,,,,,,,,,,,,,,,,,,,,,,,,,,,,,,,,,,"8.319568000","0.966494000","0.000000000","0.000000000"
"40","0","0",,,,"53","6","62","2","1","0","28","0","0x00000010",,,,,,,,,,,,,,,,,,,,,,,,,,,,,,,,,,,,,,,,,,,,,"8.324788000","0.005220000","0.005220000","0.005220000"
"40","0","0",,,,"64","6","4100","1","1","0","29","0","0x00000010",,,,,,,,,,,,,,,,,,,,,,,,,,,,,,,,,,,,,,,,,,,,,"8.574057000","0.249269000","0.000000000","0.000000000"
"40","0","0",,,,"64","6","4096","1","1","0","30","0","0x00000010",,,,,,,,,,,,,,,,,,,,,,,,,,,,,,,,,,,,,,,,,,,,,"8.596678000","0.022621000","0.000000000","0.000000000"
"52","0","0",,,,"54","6","377","2","1","0","30","0","0x00000010",,,,,,,,,,,,,,,,,,,,,,,,,,,,,,,,,,,,,,,,,,,,,"8.604817000","0.008139000","0.008139000","0.008139000"
"40","0","0",,,,"64","6","8192","1","1","0","31","0","0x00000010",,,,,,,,,,,,,,,,,,,,,,,,,,,,,,,,,,,,,,,,,,,,,"8.621720000","0.016903000","0.000000000","0.000000000"
"40","0","0",,,,"64","6","4100","1","1","0","32","0","0x00000010",,,,,,,,,,,,,,,,,,,,,,,,,,,,,,,,,,,,,,,,,,,,,"8.647911000","0.026191000","0.000000000","0.000000000"
"40","0","0",,,,"64","6","4100","1","1","0","33","0","0x00000010",,,,,,,,,,,,,,,,,,,,,,,,,,,,,,,,,,,,,,,,,,,,,"8.741618000","0.093707000","0.000000000","0.000000000"
"52","0","0",,,,"47","6","145","2","1","0","29","0","0x00000010",,,,,,,,,,,,,,,,,,,,,,,,,,,,,,,,,,,,,,,,,,,,,"8.754515000","0.012897000","0.180458000","0.180458000"
"40","0","0",,,,"47","6","146","2","1","0","31","0","0x00000010",,,,,,,,,,,,,,,,,,,,,,,,,,,,,,,,,,,,,,,,,,,,,"8.797031000","0.042516000","0.175311000","0.175311000"
"52","0","0",,,,"47","6","139","2","1","0","32","0","0x00000010",,,,,,,,,,,,,,,,,,,,,,,,,,,,,,,,,,,,,,,,,,,,,"8.824479000","0.027448000","0.176568000","0.176568000"
"40","0","0",,,,"64","6","4096","1","1","0","34","0","0x00000010",,,,,,,,,,,,,,,,,,,,,,,,,,,,,,,,,,,,,,,,,,,,,"8.850850000","0.026371000","0.000000000","0.000000000"
"40","0","0",,,,"64","6","8192","1","1","0","35","0","0x00000010",,,,,,,,,,,,,,,,,,,,,,,,,,,,,,,,,,,,,,,,,,,,,"8.886045000","0.035195000","0.000000000","0.000000000"
"40","0","0",,,,"53","6","64","2","1","0","35","0","0x00000010",,,,,,,,,,,,,,,,,,,,,,,,,,,,,,,,,,,,,,,,,,,,,"8.890478000","0.004433000","0.004433000","0.004433000"
"40","0","0",,,,"64","6","4096","1","1","0","36","0","0x00000010",,,,,,,,,,,,,,,,,,,,,,,,,,,,,,,,,,,,,,,,,,,,,"8.902455000","0.011977000","0.000000000","0.000000000"
"52","0","0",,,,"47","6","145","2","1","0","33","0","0x00000010",,,,,,,,,,,,,,,,,,,,,,,,,,,,,,,,,,,,,,,,,,,,,"8.918363000","0.015908000","0.176745000","0.176745000"
"52","0","0",,,,"47","6","289","2","1","0","34","0","0x00000010",,,,,,,,,,,,,,,,,,,,,,,,,,,,,,,,,,,,,,,,,,,,,"9.028464000","0.110101000","0.177614000","0.177614000"
"52","0","0",,,,"47","6","190","2","1","0","36","0","0x00000010",,,,,,,,,,,,,,,,,,,,,,,,,,,,,,,,,,,,,,,,,,,,,"9.081810000","0.053346000","0.179355000","0.179355000"
"40","0","0",,,,"64","6","65535","1","1","0","37","0","0x00000010",,,,,,,,,,,,,,,,,,,,,,,,,,,,,,,,,,,,,,,,,,,,,"9.368764000","0.286954000","0.000000000","0.000000000"
"40","0","0",,,,"64","6","8192","1","1","0","38","0","0x00000010",,,,,,,,,,,,,,,,,,,,,,,,,,,,,,,,,,,,,,,,,,,,,"9.495848000","0.127084000","0.000000000","0.000000000"
"40","0","0",,,,"64","6","65535","1","1","0","39","0","0x00000010",,,,,,,,,,,,,,,,,,,,,,,,,,,,,,,,,,,,,,,,,,,,,"9.702975000","0.207127000","0.000000000","0.000000000"
"40","0","0",,,,"33","6","65535","2","1","0","37","0","0x00000010",,,,,,,,,,,,,,,,,,,,,,,,,,,,,,,,,,,,,,,,,,,,,"9.704574000","0.001599000","0.335810000","0.335810000"
"40","0","0",,,,"38","6","16616","2","1","0","39","0","0x00000010",,,,,,,,,,,,,,,,,,,,,,,,,,,,,,,,,,,,,,,,,,,,,"9.772357000","0.067783000","0.069382000","0.069382000"
"40","0","0",,,,"64","6","65535","1","1","0","40","0","0x00000010",,,,,,,,,,,,,,,,,,,,,,,,,,,,,,,,,,,,,,,,,,,,,"10.166192000","0.393835000","0.000000000","0.000000000"
"40","0","0",,,,"30","6","10720","2","1","0","40","0","0x00000010",,,,,,,,,,,,,,,,,,,,,,,,,,,,,,,,,,,,,,,,,,,,,"10.445430000","0.279238000","0.279238000","0.279238000"
"40","0","0",,,,"64","6","8192","1","1","0","41","0","0x00000010",,,,,,,,,,,,,,,,,,,,,,,,,,,,,,,,,,,,,,,,,,,,,"10.476126000","0.030696000","0.000000000","0.000000000"
"40","0","0",,,,"51","6","68","2","1","0","41","0","0x00000010",,,,,,,,,,,,,,,,,,,,,,,,,,,,,,,,,,,,,,,,,,,,,"10.481375000","0.005249000","0.005249000","0.005249000"
"40","0","0",,,,"64","6","8192","1","1","0","42","0","0x00000010",,,,,,,,,,,,,,,,,,,,,,,,,,,,,,,,,,,,,,,,,,,,,"10.567363000","0.085988000","0.000000000","0.000000000"
"40","0","0",,,,"64","6","65535","1","1","0","43","0","0x00000010",,,,,,,,,,,,,,,,,,,,,,,,,,,,,,,,,,,,,,,,,,,,,"10.761415000","0.194052000","0.000000000","0.000000000"
"40","0","0",,,,"39","6","62","2","1","0","42","0","0x00000010",,,,,,,,,,,,,,,,,,,,,,,,,,,,,,,,,,,,,,,,,,,,,"10.890705000","0.129290000","0.323342000","0.323342000"
"40","0","0",,,,"29","6","12442","2","1","0","43","0","0x00000010",,,,,,,,,,,,,,,,,,,,,,,,,,,,,,,,,,,,,,,,,,,,,"10.995710000","0.105005000","0.234295000","0.234295000"
"40","0","0",,,,"64","6","65535","1","1","0","44","0","0x00000010",,,,,,,,,,,,,,,,,,,,,,,,,,,,,,,,,,,,,,,,,,,,,"11.516339000","0.520629000","0.000000000","0.000000000"
"40","1","0",,,,"64","6","4095","33","1","0","18","0","0x00000014",,,,,,,,,,,,,,,,,,,,,,,,,,,,,,,,,,,,,,,,,,,,,"11.727701000","0.211362000","5.586933000","5.586847000"
"40","1","0",,,,"64","6","4083","1","1","0","45","0","0x00000014",,,,,,,,,,,,,,,,,,,,,,,,,,,,,,,,,,,,,,,,,,,,,"11.727803000","0.000102000","0.000000000","0.000000000"
"40","1","0",,,,"64","6","4095","33","1","0","16","0","0x00000014",,,,,,,,,,,,,,,,,,,,,,,,,,,,,,,,,,,,,,,,,,,,,"11.727853000","0.000050000","7.419819000","6.603551000"
"40","1","0",,,,"64","6","4102","33","1","0","17","0","0x00000014",,,,,,,,,,,,,,,,,,,,,,,,,,,,,,,,,,,,,,,,,,,,,"11.727893000","0.000040000","7.233330000","7.233099000"
"40","1","0",,,,"64","6","4095","33","1","0","23","0","0x00000014",,,,,,,,,,,,,,,,,,,,,,,,,,,,,,,,,,,,,,,,,,,,,"11.727934000","0.000041000","5.444427000","5.444123000"
"40","1","0",,,,"64","6","8191","33","1","0","19","0","0x00000014",,,,,,,,,,,,,,,,,,,,,,,,,,,,,,,,,,,,,,,,,,,,,"11.727974000","0.000040000","5.571933000","5.571626000"
"40","1","0",,,,"64","6","8191","33","1","0","20","0","0x00000014",,,,,,,,,,,,,,,,,,,,,,,,,,,,,,,,,,,,,,,,,,,,,"11.728051000","0.000077000","5.540702000","5.538148000"
"40","1","0",,,,"64","6","8191","33","1","0","21","0","0x00000014",,,,,,,,,,,,,,,,,,,,,,,,,,,,,,,,,,,,,,,,,,,,,"11.728082000","0.000031000","5.500854000","5.500332000"
"40","1","0",,,,"64","6","8191","33","1","0","22","0","0x00000014",,,,,,,,,,,,,,,,,,,,,,,,,,,,,,,,,,,,,,,,,,,,,"11.728154000","0.000072000","5.457262000","4.907585000"
"40","1","0",,,,"64","6","8191","33","1","0","24","0","0x00000014",,,,,,,,,,,,,,,,,,,,,,,,,,,,,,,,,,,,,,,,,,,,,"11.728155000","0.000001000","5.435987000","4.882708000"
"40","1","0",,,,"64","6","8191","33","1","0","26","0","0x00000014",,,,,,,,,,,,,,,,,,,,,,,,,,,,,,,,,,,,,,,,,,,,,"11.728172000","0.000017000","5.238297000","5.237550000"
"40","1","0",,,,"64","6","4083","1","1","0","46","0","0x00000014",,,,,,,,,,,,,,,,,,,,,,,,,,,,,,,,,,,,,,,,,,,,,"11.728215000","0.000043000","0.000000000","0.000000000"
"1074","1","0",,,,"64","6","4096","216","1022","1022","15","0","0x00000018",,,,,"1","23",,,,,,,,,,,,,,,,,,,,,,,,,,,,,,,,,,,,,,,"11.728342000","0.000127000","7.437952000","7.146145000"
"40","0","0",,,,"29","6","10280","2","1","0","44","0","0x00000010",,,,,,,,,,,,,,,,,,,,,,,,,,,,,,,,,,,,,,,,,,,,,"11.779060000","0.050718000","0.262721000","0.262721000"
"267","0","0",,,,"48","6","175","2044","216","215","15","0","0x00000018","0.288240000",,,,"1","23",,,,,,,,,,,,,,,,,,,,,,,,,,,,,,,,,,,,,,,"12.016582000","0.237522000","7.726192000","0.288240000"
"52","1","0",,,,"64","6","4089","431","2044","0","15","0","0x00000010","0.000058000",,,,,,,,,,,,,,,,,,,,,,,,,,,,,,,,,,,,,,,,,,,,"12.016640000","0.000058000","7.726250000","0.000058000"
"40","0","0",,,,"64","6","8192","1","1","0","47","0","0x00000010",,,,,,,,,,,,,,,,,,,,,,,,,,,,,,,,,,,,,,,,,,,,,"12.356931000","0.340291000","0.000000000","0.000000000"
"40","1","0",,,,"64","6","8192","1","2","0","38","0","0x00000011",,,,,,,,,,,,,,,,,,,,,,,,,,,,,,,,,,,,,,,,,,,,,"12.597208000","0.240277000","3.101360000","3.101360000"
"40","0","0",,,,"40","6","62","2","1","0","47","0","0x00000010",,,,,,,,,,,,,,,,,,,,,,,,,,,,,,,,,,,,,,,,,,,,,"12.729153000","0.131945000","0.372222000","0.372222000"
"87","0","0",,,,"111","6","1024","1","1","35","48","0","0x00000010",,,,,"1","23",,,,,,,,,,,,,,,,,,,,,,,,,,,,,,,,,,,,,,,"16.897247000","4.168094000","0.000000000","0.000000000"
"1143","1","0",,,,"112","6","1024","1","36","1091","48","0","0x00000018",,,,,"1","23",,,,,,,,,,,,,,,,,,,,,,,,,,,,,,,,,,,,,,,"16.897249000","0.000002000","0.000002000","0.000002000"
"87","0","0",,,,"111","6","1024","1","1127","35","48","0","0x00000018",,,,,"1","23",,,,,,,,,,,,,,,,,,,,,,,,,,,,,,,,,,,,,,,"16.897273000","0.000024000","0.000026000","0.000024000"
"52","1","0",,,,"64","6","4060","1127","1","0","48","0","0x00000010","0.000071000",,,,,,,,,,,,,,,,,,,,,,,,,,,,,,,,,,,,,,,,,,,,"16.897320000","0.000047000","0.000073000","0.000047000"
"52","1","0",,,,"64","6","4059","1162","1","0","48","0","0x00000010","0.000047000",,,,,,,,,,,,,,,,,,,,,,,,,,,,,,,,,,,,,,,,,,,,"16.897320000","0.000000000","0.000073000","0.000000000"
"40","0","0",,,,"64","6","32768","1","1","0","49","0","0x00000010",,,,,,,,,,,,,,,,,,,,,,,,,,,,,,,,,,,,,,,,,,,,,"17.805462000","0.908142000","0.000000000","0.000000000"
"40","0","0",,,,"53","6","93","2","1","0","49","0","0x00000010",,,,,,,,,,,,,,,,,,,,,,,,,,,,,,,,,,,,,,,,,,,,,"17.810826000","0.005364000","0.005364000","0.005364000"
"1070","1","0",,,,"64","6","4096","431","2044","1018","15","0","0x00000018",,,,,"1","23",,,,,,,,,,,,,,,,,,,,,,,,,,,,,,,,,,,,,,,"18.430050000","0.619224000","14.139660000","6.413410000"
"267","0","0",,,,"48","6","184","3062","431","215","15","0","0x00000018","0.283042000",,,,"1","23",,,,,,,,,,,,,,,,,,,,,,,,,,,,,,,,,,,,,,,"18.713092000","0.283042000","14.422702000","0.283042000"
"52","1","0",,,,"64","6","4089","646","3062","0","15","0","0x00000010","0.000033000",,,,,,,,,,,,,,,,,,,,,,,,,,,,,,,,,,,,,,,,,,,,"18.713125000","0.000033000","14.422735000","0.000033000"
"1074","1","0",,,,"64","6","4096","646","3062","1022","15","0","0x00000018",,,,,"1","23",,,,,,,,,,,,,,,,,,,,,,,,,,,,,,,,,,,,,,,"20.349776000","1.636651000","16.059386000","1.636651000"
"267","1","0",,,,"48","6","193","4084","646","215","15","0","0x00000018","0.279354000",,,,"1","23",,,,,,,,,,,,,,,,,,,,,,,,,,,,,,,,,,,,,,,"20.629130000","0.279354000","16.338740000","0.279354000"
"52","1","0",,,,"64","6","4089","861","4084","0","15","0","0x00000010","0.000130000",,,,,,,,,,,,,,,,,,,,,,,,,,,,,,,,,,,,,,,,,,,,"20.629260000","0.000130000","16.338870000","0.000130000"
"83","0","0",,,,"45","6","58","1","1","31","50","0","0x00000018",,,,,"1","21",,,,,,,,,,,,,,,,,,,,,,,,,,,,,,,,,,,,,,,"25.376161000","4.746901000","0.000000000","0.000000000"
"52","0","0",,,,"45","6","58","1","32","0","50","0","0x00000011",,,,,,,,,,,,,,,,,,,,,,,,,,,,,,,,,,,,,,,,,,,,,"25.376163000","0.000002000","0.000002000","0.000002000"
"52","1","0",,,,"64","6","4095","32","1","0","50","0","0x00000010","0.000112000",,,,,,,,,,,,,,,,,,,,,,,,,,,,,,,,,,,,,,,,,,,,"25.376273000","0.000110000","0.000112000","0.000110000"
"52","1","0",,,,"64","6","4095","33","1","0","50","0","0x00000010","0.000110000",,,,,,,,,,,,,,,,,,,,,,,,,,,,,,,,,,,,,,,,,,,,"25.376273000","0.000000000","0.000112000","0.000000000"
"40","0","0",,,,"64","6","8192","1","1","0","51","0","0x00000010",,,,,,,,,,,,,,,,,,,,,,,,,,,,,,,,,,,,,,,,,,,,,"26.830112000","1.453839000","0.000000000","0.000000000"
"40","0","0",,,,"37","6","36","2","1","0","51","0","0x00000010",,,,,,,,,,,,,,,,,,,,,,,,,,,,,,,,,,,,,,,,,,,,,"27.194878000","0.364766000","0.364766000","0.364766000"
"40","0","0",,,,"64","6","8192","1","1","0","52","0","0x00000010",,,,,,,,,,,,,,,,,,,,,,,,,,,,,,,,,,,,,,,,,,,,,"29.125755000","1.930877000","0.000000000","0.000000000"
"40","0","0",,,,"52","6","46","2","1","0","52","0","0x00000010",,,,,,,,,,,,,,,,,,,,,,,,,,,,,,,,,,,,,,,,,,,,,"29.165685000","0.039930000","0.039930000","0.039930000"
"40","1","0",,,,"64","6","4095","33","1","0","50","0","0x00000014",,,,,,,,,,,,,,,,,,,,,,,,,,,,,,,,,,,,,,,,,,,,,"29.219152000","0.053467000","3.842991000","3.842879000"
"1078","1","0",,,,"64","6","4096","861","4084","1026","15","0","0x00000018",,,,,"1","23",,,,,,,,,,,,,,,,,,,,,,,,,,,,,,,,,,,,,,,"29.219360000","0.000208000","24.928970000","8.590100000"
"267","0","0",,,,"48","6","202","5110","861","215","15","0","0x00000018","0.260096000",,,,"1","23",,,,,,,,,,,,,,,,,,,,,,,,,,,,,,,,,,,,,,,"29.479456000","0.260096000","25.189066000","0.260096000"
"52","1","0",,,,"64","6","4089","1076","5110","0","15","0","0x00000010","0.000033000",,,,,,,,,,,,,,,,,,,,,,,,,,,,,,,,,,,,,,,,,,,,"29.479489000","0.000033000","25.189099000","0.000033000"
"83","1","0",,,,"54","6","377","2","1","31","30","0","0x00000018",,,,,"1","21",,,,,,,,,,,,,,,,,,,,,,,,,,,,,,,,,,,,,,,"30.110777000","0.631288000","21.514099000","21.505960000"
"52","1","0",,,,"64","6","4095","32","2","0","30","0","0x00000010","0.000057000",,,,,,,,,,,,,,,,,,,,,,,,,,,,,,,,,,,,,,,,,,,,"30.110834000","0.000057000","21.514156000","0.000057000"
"52","1","0",,,,"64","6","4096","32","2","0","30","0","0x00000011",,,,,,,,,,,,,,,,,,,,,,,,,,,,,,,,,,,,,,,,,,,,,"30.110970000","0.000136000","21.514292000","0.000136000"
"52","0","0",,,,"54","6","377","2","32","0","30","0","0x00000011",,,,,,,,,,,,,,,,,,,,,,,,,,,,,,,,,,,,,,,,,,,,,"30.111112000","0.000142000","21.514434000","0.000142000"
"52","1","0",,,,"64","6","4096","33","2","0","30","0","0x00000011","0.000015000",,,,,,,,,,,,,,,,,,,,,,,,,,,,,,,,,,,,,,,,,,,,"30.111127000","0.000015000","21.514449000","0.000015000"
"52","1","0",,,,"54","6","377","3","33","0","30","0","0x00000010","0.005531000",,,,,,,,,,,,,,,,,,,,,,,,,,,,,,,,,,,,,,,,,,,,"30.116501000","0.005374000","21.519823000","0.005374000"
"40","0","0",,,,"64","6","8192","1","1","0","53","0","0x00000010",,,,,,,,,,,,,,,,,,,,,,,,,,,,,,,,,,,,,,,,,,,,,"30.232662000","0.116161000","0.000000000","0.000000000"
"40","0","0",,,,"54","6","63","2","1","0","53","0","0x00000010",,,,,,,,,,,,,,,,,,,,,,,,,,,,,,,,,,,,,,,,,,,,,"30.239577000","0.006915000","0.006915000","0.006915000"
"40","0","0",,,,"64","6","4096","1","1","0","54","0","0x00000010",,,,,,,,,,,,,,,,,,,,,,,,,,,,,,,,,,,,,,,,,,,,,"30.874956000","0.635379000","0.000000000","0.000000000"
"52","0","0",,,,"237","6","132","2","1","0","54","0","0x00000010",,,,,,,,,,,,,,,,,,,,,,,,,,,,,,,,,,,,,,,,,,,,,"30.882132000","0.007176000","0.007176000","0.007176000"
"40","0","0",,,,"64","6","4096","1","1","0","55","0","0x00000010",,,,,,,,,,,,,,,,,,,,,,,,,,,,,,,,,,,,,,,,,,,,,"30.911011000","0.028879000","0.000000000","0.000000000"
"52","0","0",,,,"48","6","16384","2","1","0","55","0","0x00000010",,,,,,,,,,,,,,,,,,,,,,,,,,,,,,,,,,,,,,,,,,,,,"30.951098000","0.040087000","0.040087000","0.040087000"
"83","0","0",,,,"40","6","35","2","1","31","14","0","0x00000018",,,,,"1","21",,,,,,,,,,,,,,,,,,,,,,,,,,,,,,,,,,,,,,,"35.636225000","4.685127000","32.079047000","31.599307000"
"52","0","0",,,,"40","6","35","2","32","0","14","0","0x00000011",,,,,,,,,,,,,,,,,,,,,,,,,,,,,,,,,,,,,,,,,,,,,"35.636228000","0.000003000","32.079050000","0.000003000"
"52","1","0",,,,"64","6","4095","32","2","0","14","0","0x00000010","0.000038000",,,,,,,,,,,,,,,,,,,,,,,,,,,,,,,,,,,,,,,,,,,,"35.636263000","0.000035000","32.079085000","0.000035000"
"52","1","0",,,,"64","6","4095","33","2","0","14","0","0x00000010","0.000050000",,,,,,,,,,,,,,,,,,,,,,,,,,,,,,,,,,,,,,,,,,,,"35.636278000","0.000015000","32.079100000","0.000015000"
"71","0","0",,,,"54","6","63","2","1","31","53","0","0x00000018",,,,,"1","21",,,,,,,,,,,,,,,,,,,,,,,,,,,,,,,,,,,,,,,"41.289037000","5.652759000","11.056375000","11.049460000"
"40","1","0",,,,"64","6","8191","32","2","0","53","0","0x00000010","0.000037000",,,,,,,,,,,,,,,,,,,,,,,,,,,,,,,,,,,,,,,,,,,,"41.289074000","0.000037000","11.056412000","0.000037000"
"40","0","0",,,,"54","6","63","2","32","0","53","0","0x00000011",,,,,,,,,,,,,,,,,,,,,,,,,,,,,,,,,,,,,,,,,,,,,"41.290471000","0.001397000","11.057809000","0.001397000"
"40","1","0",,,,"64","6","8191","33","2","0","53","0","0x00000010","0.000019000",,,,,,,,,,,,,,,,,,,,,,,,,,,,,,,,,,,,,,,,,,,,"41.290490000","0.000019000","11.057828000","0.000019000"
"40","0","0",,,,"64","6","8192","1","1","0","56","0","0x00000010",,,,,,,,,,,,,,,,,,,,,,,,,,,,,,,,,,,,,,,,,,,,,"42.077841000","0.787351000","0.000000000","0.000000000"
"40","0","0",,,,"53","6","104","2","1","0","56","0","0x00000010",,,,,,,,,,,,,,,,,,,,,,,,,,,,,,,,,,,,,,,,,,,,,"42.083288000","0.005447000","0.005447000","0.005447000"
"71","0","0",,,,"37","6","36","2","1","31","51","0","0x00000018",,,,,"1","21",,,,,,,,,,,,,,,,,,,,,,,,,,,,,,,,,,,,,,,"43.009652000","0.926364000","16.179540000","15.814774000"
"40","1","0",,,,"64","6","8191","32","2","0","51","0","0x00000010","0.000081000",,,,,,,,,,,,,,,,,,,,,,,,,,,,,,,,,,,,,,,,,,,,"43.009733000","0.000081000","16.179621000","0.000081000"
"40","0","0",,,,"37","6","36","2","32","0","51","0","0x00000011",,,,,,,,,,,,,,,,,,,,,,,,,,,,,,,,,,,,,,,,,,,,,"43.009888000","0.000155000","16.179776000","0.000155000"
"40","1","0",,,,"64","6","8191","33","2","0","51","0","0x00000010","0.000037000",,,,,,,,,,,,,,,,,,,,,,,,,,,,,,,,,,,,,,,,,,,,"43.009925000","0.000037000","16.179813000","0.000037000"
"83","0","0",,,,"237","6","132","2","1","31","54","0","0x00000018",,,,,"1","21",,,,,,,,,,,,,,,,,,,,,,,,,,,,,,,,,,,,,,,"43.328869000","0.318944000","12.453913000","12.446737000"
"52","1","0",,,,"64","6","4095","32","2","0","54","0","0x00000010","0.000037000",,,,,,,,,,,,,,,,,,,,,,,,,,,,,,,,,,,,,,,,,,,,"43.328906000","0.000037000","12.453950000","0.000037000"
"40","1","0",,,,"64","6","8192","1","2","0","38","0","0x00000011",,,,,,,,,,,,,,,,,,,,,,,,,,,,,,,,,,,,,,,,,,,,,"44.225705000","0.896799000","34.729857000","31.628497000"
"86","0","0",,,,"52","6","46","2","1","46","52","0","0x00000010",,,,,"1","23",,,,,,,,,,,,,,,,,,,,,,,,,,,,,,,,,,,,,,,"45.411087000","1.185382000","16.285332000","16.245402000"
"71","0","0",,,,"53","6","46","2","47","31","52","0","0x00000018",,,,,"1","21",,,,,,,,,,,,,,,,,,,,,,,,,,,,,,,,,,,,,,,"45.411089000","0.000002000","16.285334000","0.000002000"
"40","1","0",,,,"64","6","8189","78","2","0","52","0","0x00000010","0.000049000",,,,,,,,,,,,,,,,,,,,,,,,,,,,,,,,,,,,,,,,,,,,"45.411138000","0.000049000","16.285383000","0.000049000"
"40","1","0",,,,"64","6","8192","78","2","0","52","0","0x00000011",,,,,,,,,,,,,,,,,,,,,,,,,,,,,,,,,,,,,,,,,,,,,"45.411235000","0.000097000","16.285480000","0.000097000"
"40","0","0",,,,"52","6","46","2","78","0","52","0","0x00000011",,,,,,,,,,,,,,,,,,,,,,,,,,,,,,,,,,,,,,,,,,,,,"45.411318000","0.000083000","16.285563000","0.000083000"
"40","1","0",,,,"64","6","8192","79","2","0","52","0","0x00000011","0.000019000",,,,,,,,,,,,,,,,,,,,,,,,,,,,,,,,,,,,,,,,,,,,"45.411337000","0.000019000","16.285582000","0.000019000"
"40","0","0",,,,"52","6","46","3","79","0","52","0","0x00000010","0.040209000",,,,,,,,,,,,,,,,,,,,,,,,,,,,,,,,,,,,,,,,,,,,"45.451444000","0.040107000","16.325689000","0.040107000"
"40","1","0",,,,"64","6","8191","33","2","0","51","0","0x00000014",,,,,,,,,,,,,,,,,,,,,,,,,,,,,,,,,,,,,,,,,,,,,"47.036076000","1.584632000","20.205964000","4.026151000"
"40","1","0",,,,"64","6","8191","33","2","0","53","0","0x00000014",,,,,,,,,,,,,,,,,,,,,,,,,,,,,,,,,,,,,,,,,,,,,"47.036206000","0.000130000","16.803544000","5.745716000"
"40","1","0",,,,"64","6","4095","33","2","0","14","0","0x00000014",,,,,,,,,,,,,,,,,,,,,,,,,,,,,,,,,,,,,,,,,,,,,"47.036261000","0.000055000","43.479083000","11.399983000"
"40","1","0",,,,"64","6","4095","32","2","0","54","0","0x00000014",,,,,,,,,,,,,,,,,,,,,,,,,,,,,,,,,,,,,,,,,,,,,"47.036374000","0.000113000","16.161418000","3.707468000"
"64","1","0",,,,"64","6","65535","0","0","0","57","0","0x00000002",,,,,,,,,,,,,,,,,,,,,,,,,,,,,,,,,,,,,,,,,,,,,"47.036676000","0.000302000","0.000000000","0.000000000"
"60","0","0",,,,"51","6","28960","1","0","0","57","0","0x00000012","0.041339000",,,,,,,,,,,,,,,,,,,,,,,,,,,,,,,,,,,,,,,,,,,,"47.078015000","0.041339000","0.041339000","0.041339000"
"52","1","0",,,,"64","6","131744","1","1","0","57","0","0x00000010","0.000044000",,,,,,,,,,,,,,,,,,,,,,,,,,,,,,,,,,,,,,,,,,,,"47.078059000","0.000044000","0.041383000","0.000044000"
"569","1","0",,,,"64","6","131744","1","1","517","57","0","0x00000018",,,,"1","1","22",,,,,,,,,,,,,,,,,,,,,,,,,,,,,,,,,,,,,,,"47.078216000","0.000157000","0.041540000","0.000157000"
"52","0","0",,,,"51","6","30080","518","1","0","57","0","0x00000010","0.044295000",,,,,,,,,,,,,,,,,,,,,,,,,,,,,,,,,,,,,,,,,,,,"47.122511000","0.044295000","0.085835000","0.044295000"
"1500","0","0",,,,"51","6","30080","518","1","1448","57","0","0x00000010",,,,"1","1","22",,,,,,,,,,,,,,,,,,,,,,,,,,,,,,,,,,,,,,,"47.123196000","0.000685000","0.086520000","0.000685000"
"1500","1","0",,,,"52","6","30080","518","1449","1448","57","0","0x00000010",,"1","2803","1","1","22",,"1609",,,,,,,,,,,,,,,,,,,,,,,,,,,,,,,,,,,,,"47.123198000","0.000002000","0.086522000","0.000002000"
"879","1","0",,,,"52","6","30080","518","2897","827","57","0","0x00000018",,"1","831","1","1","22",,,,,,,,,,,,,,,,,,,,,,,,,,,,,,,,,,,,,,,"47.123199000","0.000001000","0.086523000","0.000001000"
"52","1","0",,,,"64","6","128864","2897","518","0","57","0","0x00000010","0.000033000",,,,,,,,,,,,,,,,,,,,,,,,,,,,,,,,,,,,,,,,,,,,"47.123231000","0.000032000","0.086555000","0.000032000"
"52","1","0",,,,"64","6","128032","3724","518","0","57","0","0x00000010","0.000032000",,,,,,,,,,,,,,,,,,,,,,,,,,,,,,,,,,,,,,,,,,,,"47.123231000","0.000000000","0.086555000","0.000000000"
"52","1","0",,,,"64","6","131072","3724","518","0","57","0","0x00000010",,,,,,,,,,,,,,,,,,,,,,,,,,,,,,,,,,,,,,,,,,,,,"47.123280000","0.000049000","0.086604000","0.000049000"
"178","1","0",,,,"64","6","131072","3724","518","126","57","0","0x00000018",,,,"1","1","22",,,,,,,,,,,,,,,,,,,,,,,,,,,,,,,,,,,,,,,"47.123622000","0.000342000","0.086946000","0.000342000"
"1500","1","0",,,,"64","6","131072","3724","644","1448","57","0","0x00000010",,,,,,,,,,,,,,,,,,,,,,,,,,,,,,,,,,,,,,,,,,,,,"47.143841000","0.020219000","0.107165000","0.020219000"
"1193","1","0",,,,"64","6","131072","3724","2092","1141","57","0","0x00000018",,"1","2589",,"1","23",,,,,,,,,,,,,,,,,,,,,,,,,,,,,,,,,,,,,,,"47.143841000","0.000000000","0.107165000","0.000000000"
"310","0","0",,,,"51","6","30080","644","3724","258","57","0","0x00000018","0.043685000",,,"1","1","22",,,,,,,,,,,,,,,,,,,,,,,,,,,,,,,,,,,,,,,"47.167307000","0.023466000","0.130631000","0.023466000"
"52","1","0",,,,"64","6","130784","3982","3233","0","57","0","0x00000010","0.000064000",,,,,,,,,,,,,,,,,,,,,,,,,,,,,,,,,,,,,,,,,,,,"47.167371000","0.000064000","0.130695000","0.000064000"
"52","0","0",,,,"51","6","35840","3233","3982","0","57","0","0x00000010","0.044738000",,,,,,,,,,,,,,,,,,,,,,,,,,,,,,,,,,,,,,,,,,,,"47.188579000","0.021208000","0.151903000","0.021208000"
"919","0","0",,,,"51","6","35840","3233","3982","867","57","0","0x00000018",,,,,"1","23",,,,,,,,,,,,,,,,,,,,,,,,,,,,,,,,,,,,,,,"47.617268000","0.428689000","0.580592000","0.428689000"
"52","1","0",,,,"64","6","130176","4849","3233","0","57","0","0x00000010","0.000036000",,,,,,,,,,,,,,,,,,,,,,,,,,,,,,,,,,,,,,,,,,,,"47.617304000","0.000036000","0.580628000","0.000036000"
"1500","1","0",,,,"64","6","131072","4849","3233","1448","57","0","0x00000010",,,,,,,,,,,,,,,,,,,,,,,,,,,,,,,,,,,,,,,,,,,,,"47.623708000","0.006404000","0.587032000","0.006404000"
"1199","1","0",,,,"64","6","131072","4849","4681","1147","57","0","0x00000018",,"1","2595",,"1","23",,,,,,,,,,,,,,,,,,,,,,,,,,,,,,,,,,,,,,,"47.623708000","0.000000000","0.587032000","0.000000000"
"52","0","0",,,,"51","6","41728","5828","4849","0","57","0","0x00000010","0.040633000",,,,,,,,,,,,,,,,,,,,,,,,,,,,,,,,,,,,,,,,,,,,"47.664341000","0.040633000","0.627665000","0.040633000"
"1500","1","0",,,,"51","6","41728","5828","4849","1448","57","0","0x00000010",,,,,,,,,,,,,,,,,,,,,,,,,,,,,,,,,,,,,,,,,,,,,"47.665809000","0.001468000","0.629133000","0.001468000"
"1500","1","0",,,,"52","6","41728","5828","6297","1448","57","0","0x00000010",,,,,,,,,,,,,,,,,,,,,,,,,,,,,,,,,,,,,,,,,,,,,"47.665811000","0.000002000","0.629135000","0.000002000"
"52","1","0",,,,"64","6","128160","7745","5828","0","57","0","0x00000010","0.000052000",,,,,,,,,,,,,,,,,,,,,,,,,,,,,,,,,,,,,,,,,,,,"47.665863000","0.000052000","0.629187000","0.000052000"
"52","1","0",,,,"64","6","131072","7745","5828","0","57","0","0x00000010",,,,,,,,,,,,,,,,,,,,,,,,,,,,,,,,,,,,,,,,,,,,,"47.665876000","0.000013000","0.629200000","0.000013000"
"1500","1","0",,,,"52","6","41728","5828","7745","1448","57","0","0x00000010",,,,,,,,,,,,,,,,,,,,,,,,,,,,,,,,,,,,,,,,,,,,,"47.666236000","0.000360000","0.629560000","0.000360000"
"1500","1","0",,,,"52","6","41728","5828","9193","1448","57","0","0x00000010",,,,,,,,,,,,,,,,,,,,,,,,,,,,,,,,,,,,,,,,,,,,,"47.666238000","0.000002000","0.629562000","0.000002000"
"1500","1","0",,,,"52","6","41728","5828","10641","1448","57","0","0x00000010",,,,,,,,,,,,,,,,,,,,,,,,,,,,,,,,,,,,,,,,,,,,,"47.666239000","0.000001000","0.629563000","0.000001000"
"1500","1","0",,,,"52","6","41728","5828","12089","1448","57","0","0x00000010",,,,,,,,,,,,,,,,,,,,,,,,,,,,,,,,,,,,,,,,,,,,,"47.666239000","0.000000000","0.629563000","0.000000000"
"1500","1","0",,,,"52","6","41728","5828","13537","1448","57","0","0x00000010",,,,,,,,,,,,,,,,,,,,,,,,,,,,,,,,,,,,,,,,,,,,,"47.666240000","0.000001000","0.629564000","0.000001000"
"1500","1","0",,,,"52","6","41728","5828","14985","1448","57","0","0x00000010",,,,,,,,,,,,,,,,,,,,,,,,,,,,,,,,,,,,,,,,,,,,,"47.666242000","0.000002000","0.629566000","0.000002000"
"1335","1","0",,,,"52","6","41728","5828","16433","1283","57","0","0x00000018",,"1","12867",,"1","23",,,,,,,,,,,,,,,,,,,,,,,,,,,,,,,,,,,,,,,"47.666243000","0.000001000","0.629567000","0.000001000"
"52","1","0",,,,"64","6","128160","10641","5828","0","57","0","0x00000010","0.000051000",,,,,,,,,,,,,,,,,,,,,,,,,,,,,,,,,,,,,,,,,,,,"47.666289000","0.000046000","0.629613000","0.000046000"
"52","1","0",,,,"64","6","125280","13537","5828","0","57","0","0x00000010","0.000050000",,,,,,,,,,,,,,,,,,,,,,,,,,,,,,,,,,,,,,,,,,,,"47.666289000","0.000000000","0.629613000","0.000000000"
"52","1","0",,,,"64","6","122368","16433","5828","0","57","0","0x00000010","0.000047000",,,,,,,,,,,,,,,,,,,,,,,,,,,,,,,,,,,,,,,,,,,,"47.666289000","0.000000000","0.629613000","0.000000000"
"52","1","0",,,,"64","6","121088","17716","5828","0","57","0","0x00000010","0.000046000",,,,,,,,,,,,,,,,,,,,,,,,,,,,,,,,,,,,,,,,,,,,"47.666289000","0.000000000","0.629613000","0.000000000"
"52","1","0",,,,"64","6","131072","17716","5828","0","57","0","0x00000010",,,,,,,,,,,,,,,,,,,,,,,,,,,,,,,,,,,,,,,,,,,,,"47.666324000","0.000035000","0.629648000","0.000035000"
"64","1","0",,,,"64","6","65535","0","0","0","58","0","0x00000002",,,,,,,,,,,,,,,,,,,,,,,,,,,,,,,,,,,,,,,,,,,,,"47.717433000","0.051109000","0.000000000","0.000000000"
"64","1","0",,,,"64","6","65535","0","0","0","59","0","0x00000002",,,,,,,,,,,,,,,,,,,,,,,,,,,,,,,,,,,,,,,,,,,,,"47.717726000","0.000293000","0.000000000","0.000000000"
"64","1","0",,,,"64","6","65535","0","0","0","60","0","0x00000002",,,,,,,,,,,,,,,,,,,,,,,,,,,,,,,,,,,,,,,,,,,,,"47.717969000","0.000243000","0.000000000","0.000000000"
"1500","1","0",,,,"64","6","131072","17716","5828","1448","57","0","0x00000010",,,,,,,,,,,,,,,,,,,,,,,,,,,,,,,,,,,,,,,,,,,,,"47.718079000","0.000110000","0.681403000","0.051755000"
"1159","1","0",,,,"64","6","131072","17716","7276","1107","57","0","0x00000018",,"1","2555",,"1","23",,,,,,,,,,,,,,,,,,,,,,,,,,,,,,,,,,,,,,,"47.718080000","0.000001000","0.681404000","0.000001000"
"64","1","0",,,,"64","6","65535","0","0","0","61","0","0x00000002",,,,,,,,,,,,,,,,,,,,,,,,,,,,,,,,,,,,,,,,,,,,,"47.718343000","0.000263000","0.000000000","0.000000000"
"1345","1","0",,,,"64","6","4096","1076","5110","1293","15","0","0x00000018",,,,,"1","23",,,,,,,,,,,,,,,,,,,,,,,,,,,,,,,,,,,,,,,"47.726958000","0.008615000","43.436568000","18.247469000"
"60","0","0",,,,"50","6","28960","1","0","0","61","0","0x00000012","0.038052000",,,,,,,,,,,,,,,,,,,,,,,,,,,,,,,,,,,,,,,,,,,,"47.756395000","0.029437000","0.038052000","0.038052000"
"52","1","0",,,,"64","6","131744","1","1","0","61","0","0x00000010","0.000051000",,,,,,,,,,,,,,,,,,,,,,,,,,,,,,,,,,,,,,,,,,,,"47.756446000","0.000051000","0.038103000","0.000051000"
"569","1","0",,,,"64","6","131744","1","1","517","61","0","0x00000018",,,,"1","1","22",,,,,,,,,,,,,,,,,,,,,,,,,,,,,,,,,,,,,,,"47.756595000","0.000149000","0.038252000","0.000149000"
"60","0","0",,,,"50","6","28960","1","0","0","60","0","0x00000012","0.039452000",,,,,,,,,,,,,,,,,,,,,,,,,,,,,,,,,,,,,,,,,,,,"47.757421000","0.000826000","0.039452000","0.039452000"
"60","0","0",,,,"51","6","28960","1","0","0","59","0","0x00000012","0.039697000",,,,,,,,,,,,,,,,,,,,,,,,,,,,,,,,,,,,,,,,,,,,"47.757423000","0.000002000","0.039697000","0.039697000"
"52","1","0",,,,"64","6","131744","1","1","0","60","0","0x00000010","0.000045000",,,,,,,,,,,,,,,,,,,,,,,,,,,,,,,,,,,,,,,,,,,,"47.757466000","0.000043000","0.039497000","0.000045000"
"52","1","0",,,,"64","6","131744","1","1","0","59","0","0x00000010","0.000043000",,,,,,,,,,,,,,,,,,,,,,,,,,,,,,,,,,,,,,,,,,,,"47.757466000","0.000000000","0.039740000","0.000043000"
"569","1","0",,,,"64","6","131744","1","1","517","60","0","0x00000018",,,,"1","1","22",,,,,,,,,,,,,,,,,,,,,,,,,,,,,,,,,,,,,,,"47.757573000","0.000107000","0.039604000","0.000107000"
"569","1","0",,,,"64","6","131744","1","1","517","59","0","0x00000018",,,,"1","1","22",,,,,,,,,,,,,,,,,,,,,,,,,,,,,,,,,,,,,,,"47.757694000","0.000121000","0.039968000","0.000228000"
"60","0","0",,,,"50","6","28960","1","0","0","58","0","0x00000012","0.040430000",,,,,,,,,,,,,,,,,,,,,,,,,,,,,,,,,,,,,,,,,,,,"47.757863000","0.000169000","0.040430000","0.040430000"
"52","1","0",,,,"64","6","131744","1","1","0","58","0","0x00000010","0.000039000",,,,,,,,,,,,,,,,,,,,,,,,,,,,,,,,,,,,,,,,,,,,"47.757902000","0.000039000","0.040469000","0.000039000"
"569","1","0",,,,"64","6","131744","1","1","517","58","0","0x00000018",,,,"1","1","22",,,,,,,,,,,,,,,,,,,,,,,,,,,,,,,,,,,,,,,"47.758068000","0.000166000","0.040635000","0.000166000"
"52","1","0",,,,"51","6","47488","8383","17716","0","57","0","0x00000010","0.040642000",,,,,,,,,,,,,,,,,,,,,,,,,,,,,,,,,,,,,,,,,,,,"47.758722000","0.000654000","0.722046000","0.040642000"
"1500","1","0",,,,"51","6","47488","8383","17716","1448","57","0","0x00000010",,,,,,,,,,,,,,,,,,,,,,,,,,,,,,,,,,,,,,,,,,,,,"47.762787000","0.004065000","0.726111000","0.004065000"
"1500","1","0",,,,"52","6","47488","8383","19164","1448","57","0","0x00000010",,,,,,,,,,,,,,,,,,,,,,,,,,,,,,,,,,,,,,,,,,,,,"47.762802000","0.000015000","0.726126000","0.000015000"
"52","1","0",,,,"64","6","128160","20612","8383","0","57","0","0x00000010","0.000105000",,,,,,,,,,,,,,,,,,,,,,,,,,,,,,,,,,,,,,,,,,,,"47.762907000","0.000105000","0.726231000","0.000105000"
"52","1","0",,,,"64","6","131072","20612","8383","0","57","0","0x00000010",,,,,,,,,,,,,,,,,,,,,,,,,,,,,,,,,,,,,,,,,,,,,"47.762908000","0.000001000","0.726232000","0.000001000"
"1500","1","0",,,,"52","6","47488","8383","20612","1448","57","0","0x00000010",,,,,,,,,,,,,,,,,,,,,,,,,,,,,,,,,,,,,,,,,,,,,"47.763176000","0.000268000","0.726500000","0.000268000"
"1054","1","0",,,,"52","6","47488","8383","22060","1002","57","0","0x00000018",,"1","5346",,"1","23",,,,,,,,,,,,,,,,,,,,,,,,,,,,,,,,,,,,,,,"47.763178000","0.000002000","0.726502000","0.000002000"
"52","1","0",,,,"64","6","128608","23062","8383","0","57","0","0x00000010","0.000019000",,,,,,,,,,,,,,,,,,,,,,,,,,,,,,,,,,,,,,,,,,,,"47.763197000","0.000019000","0.726521000","0.000019000"
"1500","1","0",,,,"64","6","131072","23062","8383","1448","57","0","0x00000010",,,,,,,,,,,,,,,,,,,,,,,,,,,,,,,,,,,,,,,,,,,,,"47.764553000","0.001356000","0.727877000","0.001356000"
"1153","1","0",,,,"64","6","131072","23062","9831","1101","57","0","0x00000018",,"1","2549",,"1","23",,,,,,,,,,,,,,,,,,,,,,,,,,,,,,,,,,,,,,,"47.764554000","0.000001000","0.727878000","0.000001000"
"52","0","0",,,,"50","6","30080","518","1","0","61","0","0x00000010","0.038133000",,,,,,,,,,,,,,,,,,,,,,,,,,,,,,,,,,,,,,,,,,,,"47.794728000","0.030174000","0.076385000","0.038133000"
"204","0","0",,,,"50","6","30080","518","1","152","61","0","0x00000018",,,,"1","1","22",,,,,,,,,,,,,,,,,,,,,,,,,,,,,,,,,,,,,,,"47.795033000","0.000305000","0.076690000","0.000305000"
"52","1","0",,,,"64","6","131616","153","518","0","61","0","0x00000010","0.000044000",,,,,,,,,,,,,,,,,,,,,,,,,,,,,,,,,,,,,,,,,,,,"47.795077000","0.000044000","0.076734000","0.000044000"
"103","1","0",,,,"64","6","131616","153","518","51","61","0","0x00000018",,,,"1","1","20",,,,,,,,,,,,,,,,,,,,,,,,,,,,,,,,,,,,,,,"47.795179000","0.000102000","0.076836000","0.000102000"
"1500","1","0",,,,"64","6","131616","153","569","1448","61","0","0x00000010",,,,,,,,,,,,,,,,,,,,,,,,,,,,,,,,,,,,,,,,,,,,,"47.796204000","0.001025000","0.077861000","0.001025000"
"1151","1","0",,,,"64","6","131616","153","2017","1099","61","0","0x00000018",,"1","2547",,"1","23",,,,,,,,,,,,,,,,,,,,,,,,,,,,,,,,,,,,,,,"47.796205000","0.000001000","0.077862000","0.000001000"
"204","0","0",,,,"51","6","30080","518","1","152","59","0","0x00000018","0.039474000",,,"1","1","22",,,,,,,,,,,,,,,,,,,,,,,,,,,,,,,,,,,,,,,"47.797168000","0.000963000","0.079442000","0.039474000"
"52","1","0",,,,"64","6","131616","153","518","0","59","0","0x00000010","0.000024000",,,,,,,,,,,,,,,,,,,,,,,,,,,,,,,,,,,,,,,,,,,,"47.797192000","0.000024000","0.079466000","0.000024000"
"103","1","0",,,,"64","6","131616","153","518","51","59","0","0x00000018",,,,"1","1","20",,,,,,,,,,,,,,,,,,,,,,,,,,,,,,,,,,,,,,,"47.797312000","0.000120000","0.079586000","0.000120000"
"204","0","0",,,,"50","6","30080","518","1","152","60","0","0x00000018","0.039848000",,,"1","1","22",,,,,,,,,,,,,,,,,,,,,,,,,,,,,,,,,,,,,,,"47.797421000","0.000109000","0.079452000","0.039848000"
"52","1","0",,,,"64","6","131616","153","518","0","60","0","0x00000010","0.000035000",,,,,,,,,,,,,,,,,,,,,,,,,,,,,,,,,,,,,,,,,,,,"47.797456000","0.000035000","0.079487000","0.000035000"
"103","1","0",,,,"64","6","131616","153","518","51","60","0","0x00000018",,,,"1","1","20",,,,,,,,,,,,,,,,,,,,,,,,,,,,,,,,,,,,,,,"47.797829000","0.000373000","0.079860000","0.000373000"
"204","0","0",,,,"50","6","30080","518","1","152","58","0","0x00000018","0.040233000",,,"1","1","22",,,,,,,,,,,,,,,,,,,,,,,,,,,,,,,,,,,,,,,"47.798301000","0.000472000","0.080868000","0.040233000"
"52","1","0",,,,"64","6","131616","153","518","0","58","0","0x00000010","0.000025000",,,,,,,,,,,,,,,,,,,,,,,,,,,,,,,,,,,,,,,,,,,,"47.798326000","0.000025000","0.080893000","0.000025000"
"1500","1","0",,,,"64","6","131616","153","569","1448","59","0","0x00000010",,,,,,,,,,,,,,,,,,,,,,,,,,,,,,,,,,,,,,,,,,,,,"47.798464000","0.000138000","0.080738000","0.001152000"
"1156","1","0",,,,"64","6","131616","153","2017","1104","59","0","0x00000018",,"1","2552",,"1","23",,,,,,,,,,,,,,,,,,,,,,,,,,,,,,,,,,,,,,,"47.798464000","0.000000000","0.080738000","0.000000000"
"103","1","0",,,,"64","6","131616","153","518","51","58","0","0x00000018",,,,"1","1","20",,,,,,,,,,,,,,,,,,,,,,,,,,,,,,,,,,,,,,,"47.798588000","0.000124000","0.081155000","0.000262000"
"1500","1","0",,,,"64","6","131616","153","569","1448","60","0","0x00000010",,,,,,,,,,,,,,,,,,,,,,,,,,,,,,,,,,,,,,,,,,,,,"47.799190000","0.000602000","0.081221000","0.001361000"
"1149","1","0",,,,"64","6","131616","153","2017","1097","60","0","0x00000018",,"1","2545",,"1","23",,,,,,,,,,,,,,,,,,,,,,,,,,,,,,,,,,,,,,,"47.799191000","0.000001000","0.081222000","0.000001000"
"52","1","0",,,,"51","6","53248","10932","23062","0","57","0","0x00000010","0.042952000",,,,,,,,,,,,,,,,,,,,,,,,,,,,,,,,,,,,,,,,,,,,"47.807506000","0.008315000","0.770830000","0.042952000"
"1500","1","0",,,,"51","6","53248","10932","23062","1448","57","0","0x00000010",,,,,,,,,,,,,,,,,,,,,,,,,,,,,,,,,,,,,,,,,,,,,"47.808942000","0.001436000","0.772266000","0.001436000"
"1500","1","0",,,,"52","6","53248","10932","24510","1448","57","0","0x00000010",,,,,,,,,,,,,,,,,,,,,,,,,,,,,,,,,,,,,,,,,,,,,"47.809294000","0.000352000","0.772618000","0.000352000"
"1500","1","0",,,,"52","6","53248","10932","25958","1448","57","0","0x00000010",,,,,,,,,,,,,,,,,,,,,,,,,,,,,,,,,,,,,,,,,,,,,"47.809296000","0.000002000","0.772620000","0.000002000"
"1500","1","0",,,,"52","6","53248","10932","27406","1448","57","0","0x00000010",,,,,,,,,,,,,,,,,,,,,,,,,,,,,,,,,,,,,,,,,,,,,"47.809297000","0.000001000","0.772621000","0.000001000"
"1500","1","0",,,,"52","6","53248","10932","28854","1448","57","0","0x00000010",,,,,,,,,,,,,,,,,,,,,,,,,,,,,,,,,,,,,,,,,,,,,"47.809298000","0.000001000","0.772622000","0.000001000"
"1500","1","0",,,,"52","6","53248","10932","30302","1448","57","0","0x00000010",,,,,,,,,,,,,,,,,,,,,,,,,,,,,,,,,,,,,,,,,,,,,"47.809298000","0.000000000","0.772622000","0.000000000"
"1500","1","0",,,,"52","6","53248","10932","31750","1448","57","0","0x00000010",,,,,,,,,,,,,,,,,,,,,,,,,,,,,,,,,,,,,,,,,,,,,"47.809302000","0.000004000","0.772626000","0.000004000"
"1500","1","0",,,,"52","6","53248","10932","33198","1448","57","0","0x00000010",,,,,,,,,,,,,,,,,,,,,,,,,,,,,,,,,,,,,,,,,,,,,"47.809302000","0.000000000","0.772626000","0.000000000"
"1500","1","0",,,,"52","6","53248","10932","34646","1448","57","0","0x00000010",,,,,,,,,,,,,,,,,,,,,,,,,,,,,,,,,,,,,,,,,,,,,"47.809303000","0.000001000","0.772627000","0.000001000"
"1500","1","0",,,,"52","6","53248","10932","36094","1448","57","0","0x00000010",,,,,,,,,,,,,,,,,,,,,,,,,,,,,,,,,,,,,,,,,,,,,"47.809304000","0.000001000","0.772628000","0.000001000"
"52","1","0",,,,"64","6","129600","25958","10932","0","57","0","0x00000010","0.000058000",,,,,,,,,,,,,,,,,,,,,,,,,,,,,,,,,,,,,,,,,,,,"47.809352000","0.000048000","0.772676000","0.000048000"
"52","1","0",,,,"64","6","126720","28854","10932","0","57","0","0x00000010","0.000055000",,,,,,,,,,,,,,,,,,,,,,,,,,,,,,,,,,,,,,,,,,,,"47.809352000","0.000000000","0.772676000","0.000000000"
"52","1","0",,,,"64","6","123808","31750","10932","0","57","0","0x00000010","0.000072000",,,,,,,,,,,,,,,,,,,,,,,,,,,,,,,,,,,,,,,,,,,,"47.809370000","0.000018000","0.772694000","0.000018000"
"52","1","0",,,,"64","6","120928","34646","10932","0","57","0","0x00000010","0.000068000",,,,,,,,,,,,,,,,,,,,,,,,,,,,,,,,,,,,,,,,,,,,"47.809370000","0.000000000","0.772694000","0.000000000"
"52","1","0",,,,"64","6","118016","37542","10932","0","57","0","0x00000010","0.000066000",,,,,,,,,,,,,,,,,,,,,,,,,,,,,,,,,,,,,,,,,,,,"47.809370000","0.000000000","0.772694000","0.000000000"
"52","1","0",,,,"64","6","131072","37542","10932","0","57","0","0x00000010",,,,,,,,,,,,,,,,,,,,,,,,,,,,,,,,,,,,,,,,,,,,,"47.809370000","0.000000000","0.772694000","0.000000000"
"1500","1","0",,,,"52","6","53248","10932","37542","1448","57","0","0x00000010",,,,,,,,,,,,,,,,,,,,,,,,,,,,,,,,,,,,,,,,,,,,,"47.809523000","0.000153000","0.772847000","0.000153000"
"1500","1","0",,,,"52","6","53248","10932","38990","1448","57","0","0x00000010",,"1","16413",,"1","23",,,,,,,,,,,,,,,,,,,,,,,,,,,,,,,,,,,,,,,"47.809525000","0.000002000","0.772849000","0.000002000"
"1500","1","0",,,,"52","6","53248","10932","40438","1448","57","0","0x00000010",,,,,,,,,,,,,,,,,,,,,,,,,,,,,,,,,,,,,,,,,,,,,"47.809525000","0.000000000","0.772849000","0.000000000"
"1500","1","0",,,,"52","6","53248","10932","41886","1448","57","0","0x00000010",,,,,,,,,,,,,,,,,,,,,,,,,,,,,,,,,,,,,,,,,,,,,"47.809526000","0.000001000","0.772850000","0.000001000"
"1500","1","0",,,,"52","6","53248","10932","43334","1448","57","0","0x00000010",,,,,,,,,,,,,,,,,,,,,,,,,,,,,,,,,,,,,,,,,,,,,"47.809527000","0.000001000","0.772851000","0.000001000"
"1500","1","0",,,,"52","6","53248","10932","44782","1448","57","0","0x00000010",,,,,,,,,,,,,,,,,,,,,,,,,,,,,,,,,,,,,,,,,,,,,"47.809528000","0.000001000","0.772852000","0.000001000"
"52","1","0",,,,"64","6","128160","40438","10932","0","57","0","0x00000010","0.000082000",,,,,,,,,,,,,,,,,,,,,,,,,,,,,,,,,,,,,,,,,,,,"47.809607000","0.000079000","0.772931000","0.000079000"
"52","1","0",,,,"64","6","125280","43334","10932","0","57","0","0x00000010","0.000081000",,,,,,,,,,,,,,,,,,,,,,,,,,,,,,,,,,,,,,,,,,,,"47.809607000","0.000000000","0.772931000","0.000000000"
"52","1","0",,,,"64","6","122368","46230","10932","0","57","0","0x00000010","0.000079000",,,,,,,,,,,,,,,,,,,,,,,,,,,,,,,,,,,,,,,,,,,,"47.809607000","0.000000000","0.772931000","0.000000000"
"52","1","0",,,,"64","6","131072","46230","10932","0","57","0","0x00000010",,,,,,,,,,,,,,,,,,,,,,,,,,,,,,,,,,,,,,,,,,,,,"47.809608000","0.000001000","0.772932000","0.000001000"
"1500","1","0",,,,"51","6","53248","10932","46230","1448","57","0","0x00000010",,,,,,,,,,,,,,,,,,,,,,,,,,,,,,,,,,,,,,,,,,,,,"47.811972000","0.002364000","0.775296000","0.002364000"
"1500","1","0",,,,"52","6","53248","10932","47678","1448","57","0","0x00000010",,,,,,,,,,,,,,,,,,,,,,,,,,,,,,,,,,,,,,,,,,,,,"47.811975000","0.000003000","0.775299000","0.000003000"
"52","1","0",,,,"64","6","128160","49126","10932","0","57","0","0x00000010","0.000040000",,,,,,,,,,,,,,,,,,,,,,,,,,,,,,,,,,,,,,,,,,,,"47.812015000","0.000040000","0.775339000","0.000040000"
"52","1","0",,,,"64","6","131072","49126","10932","0","57","0","0x00000010",,,,,,,,,,,,,,,,,,,,,,,,,,,,,,,,,,,,,,,,,,,,,"47.812058000","0.000043000","0.775382000","0.000043000"
"1500","1","0",,,,"51","6","53248","10932","49126","1448","57","0","0x00000010",,,,,,,,,,,,,,,,,,,,,,,,,,,,,,,,,,,,,,,,,,,,,"47.813021000","0.000963000","0.776345000","0.000963000"
"1500","1","0",,,,"52","6","53248","10932","50574","1448","57","0","0x00000010",,"1","11681",,"1","23",,,,,,,,,,,,,,,,,,,,,,,,,,,,,,,,,,,,,,,"47.813024000","0.000003000","0.776348000","0.000003000"
"52","1","0",,,,"64","6","128160","52022","10932","0","57","0","0x00000010","0.000045000",,,,,,,,,,,,,,,,,,,,,,,,,,,,,,,,,,,,,,,,,,,,"47.813069000","0.000045000","0.776393000","0.000045000"
"52","1","0",,,,"64","6","131072","52022","10932","0","57","0","0x00000010",,,,,,,,,,,,,,,,,,,,,,,,,,,,,,,,,,,,,,,,,,,,,"47.813136000","0.000067000","0.776460000","0.000067000"
"1500","1","0",,,,"51","6","53248","10932","52022","1448","57","0","0x00000010",,,,,,,,,,,,,,,,,,,,,,,,,,,,,,,,,,,,,,,,,,,,,"47.815692000","0.002556000","0.779016000","0.002556000"
"1500","1","0",,,,"52","6","53248","10932","53470","1448","57","0","0x00000010",,,,,,,,,,,,,,,,,,,,,,,,,,,,,,,,,,,,,,,,,,,,,"47.815695000","0.000003000","0.779019000","0.000003000"
"52","1","0",,,,"64","6","128160","54918","10932","0","57","0","0x00000010","0.000048000",,,,,,,,,,,,,,,,,,,,,,,,,,,,,,,,,,,,,,,,,,,,"47.815743000","0.000048000","0.779067000","0.000048000"
"52","1","0",,,,"64","6","131072","54918","10932","0","57","0","0x00000010",,,,,,,,,,,,,,,,,,,,,,,,,,,,,,,,,,,,,,,,,,,,,"47.815799000","0.000056000","0.779123000","0.000056000"
"1500","1","0",,,,"51","6","53248","10932","54918","1448","57","0","0x00000010",,,,,,,,,,,,,,,,,,,,,,,,,,,,,,,,,,,,,,,,,,,,,"47.817059000","0.001260000","0.780383000","0.001260000"
"1500","1","0",,,,"52","6","53248","10932","56366","1448","57","0","0x00000010",,,,,,,,,,,,,,,,,,,,,,,,,,,,,,,,,,,,,,,,,,,,,"47.817061000","0.000002000","0.780385000","0.000002000"
"52","1","0",,,,"64","6","128160","57814","10932","0","57","0","0x00000010","0.000021000",,,,,,,,,,,,,,,,,,,,,,,,,,,,,,,,,,,,,,,,,,,,"47.817082000","0.000021000","0.780406000","0.000021000"
"52","1","0",,,,"64","6","131072","57814","10932","0","57","0","0x00000010",,,,,,,,,,,,,,,,,,,,,,,,,,,,,,,,,,,,,,,,,,,,,"47.817156000","0.000074000","0.780480000","0.000074000"
"1500","1","0",,,,"51","6","53248","10932","57814","1448","57","0","0x00000010",,,,,,,,,,,,,,,,,,,,,,,,,,,,,,,,,,,,,,,,,,,,,"47.820088000","0.002932000","0.783412000","0.002932000"
"1500","1","0",,,,"52","6","53248","10932","59262","1448","57","0","0x00000010",,,,,,,,,,,,,,,,,,,,,,,,,,,,,,,,,,,,,,,,,,,,,"47.820091000","0.000003000","0.783415000","0.000003000"
"52","1","0",,,,"64","6","128160","60710","10932","0","57","0","0x00000010","0.000050000",,,,,,,,,,,,,,,,,,,,,,,,,,,,,,,,,,,,,,,,,,,,"47.820141000","0.000050000","0.783465000","0.000050000"
"52","1","0",,,,"64","6","131072","60710","10932","0","57","0","0x00000010",,,,,,,,,,,,,,,,,,,,,,,,,,,,,,,,,,,,,,,,,,,,,"47.820183000","0.000042000","0.783507000","0.000042000"
"64","1","0",,,,"64","6","65535","0","0","0","62","0","0x00000002",,,,,,,,,,,,,,,,,,,,,,,,,,,,,,,,,,,,,,,,,,,,,"47.825699000","0.005516000","0.000000000","0.000000000"
"60","0","0",,,,"54","6","28960","1","0","0","62","0","0x00000012","0.005104000",,,,,,,,,,,,,,,,,,,,,,,,,,,,,,,,,,,,,,,,,,,,"47.830803000","0.005104000","0.005104000","0.005104000"
"52","1","0",,,,"64","6","131744","1","1","0","62","0","0x00000010","0.000034000",,,,,,,,,,,,,,,,,,,,,,,,,,,,,,,,,,,,,,,,,,,,"47.830837000","0.000034000","0.005138000","0.000034000"
"569","1","0",,,,"64","6","131744","1","1","517","62","0","0x00000018",,,,"1","1","22",,,,,,,,,,,,,,,,,,,,,,,,,,,,,,,,,,,,,,,"47.831540000","0.000703000","0.005841000","0.000703000"
"52","0","0",,,,"50","6","33024","2017","153","0","61","0","0x00000010","0.038432000",,,,,,,,,,,,,,,,,,,,,,,,,,,,,,,,,,,,,,,,,,,,"47.834636000","0.003096000","0.116293000","0.038431000"
"1500","0","0",,,,"50","6","35840","3116","153","1448","61","0","0x00000010","0.042561000",,,,,,,,,,,,,,,,,,,,,,,,,,,,,,,,,,,,,,,,,,,,"47.838766000","0.004130000","0.120423000","0.004130000"
"1500","1","0",,,,"51","6","35840","3116","1601","1448","61","0","0x00000010",,,,,,,,,,,,,,,,,,,,,,,,,,,,,,,,,,,,,,,,,,,,,"47.839065000","0.000299000","0.120722000","0.000299000"
"1500","1","0",,,,"51","6","35840","3116","3049","1448","61","0","0x00000010",,,,,,,,,,,,,,,,,,,,,,,,,,,,,,,,,,,,,,,,,,,,,"47.839068000","0.000003000","0.120725000","0.000003000"
"1500","1","0",,,,"51","6","35840","3116","4497","1448","61","0","0x00000010",,,,,,,,,,,,,,,,,,,,,,,,,,,,,,,,,,,,,,,,,,,,,"47.839082000","0.000014000","0.120739000","0.000014000"
"1500","1","0",,,,"51","6","35840","3116","5945","1448","61","0","0x00000010",,,,,,,,,,,,,,,,,,,,,,,,,,,,,,,,,,,,,,,,,,,,,"47.839083000","0.000001000","0.120740000","0.000001000"
"1500","1","0",,,,"51","6","35840","3116","7393","1448","61","0","0x00000010",,,,,,,,,,,,,,,,,,,,,,,,,,,,,,,,,,,,,,,,,,,,,"47.839084000","0.000001000","0.120741000","0.000001000"
"1500","1","0",,,,"51","6","35840","3116","8841","1448","61","0","0x00000010",,,,,,,,,,,,,,,,,,,,,,,,,,,,,,,,,,,,,,,,,,,,,"47.839086000","0.000002000","0.120743000","0.000002000"
"1500","1","0",,,,"51","6","35840","3116","10289","1448","61","0","0x00000010",,,,,,,,,,,,,,,,,,,,,,,,,,,,,,,,,,,,,,,,,,,,,"47.839087000","0.000001000","0.120744000","0.000001000"
"1500","1","0",,,,"51","6","35840","3116","11737","1448","61","0","0x00000010",,,,,,,,,,,,,,,,,,,,,,,,,,,,,,,,,,,,,,,,,,,,,"47.839088000","0.000001000","0.120745000","0.000001000"
"1500","1","0",,,,"51","6","35840","3116","13185","1448","61","0","0x00000010",,,,,,,,,,,,,,,,,,,,,,,,,,,,,,,,,,,,,,,,,,,,,"47.839089000","0.000001000","0.120746000","0.000001000"
"1500","1","0",,,,"51","6","35840","3116","14633","1448","61","0","0x00000010",,,,,,,,,,,,,,,,,,,,,,,,,,,,,,,,,,,,,,,,,,,,,"47.839090000","0.000001000","0.120747000","0.000001000"
"1500","0","0",,,,"50","6","35840","3116","16081","1448","61","0","0x00000010",,"1","16413",,"1","23",,,,,,,,,,,,,,,,,,,,,,,,,,,,,,,,,,,,,,,"47.839124000","0.000034000","0.120781000","0.000034000"
"1500","1","0",,,,"51","6","35840","3116","17529","1448","61","0","0x00000010",,,,,,,,,,,,,,,,,,,,,,,,,,,,,,,,,,,,,,,,,,,,,"47.839124000","0.000000000","0.120781000","0.000000000"
"1500","1","0",,,,"51","6","35840","3116","18977","1448","61","0","0x00000010",,,,,,,,,,,,,,,,,,,,,,,,,,,,,,,,,,,,,,,,,,,,,"47.839126000","0.000002000","0.120783000","0.000002000"
"1500","0","0",,,,"50","6","35840","3116","20425","1448","61","0","0x00000010",,,,,,,,,,,,,,,,,,,,,,,,,,,,,,,,,,,,,,,,,,,,,"47.839126000","0.000000000","0.120783000","0.000000000"
"52","0","0",,,,"54","6","30080","518","1","0","62","0","0x00000010","0.007587000",,,,,,,,,,,,,,,,,,,,,,,,,,,,,,,,,,,,,,,,,,,,"47.839127000","0.000001000","0.013428000","0.007587000"
"52","1","0",,,,"64","6","129600","3049","3116","0","61","0","0x00000010","0.000070000",,,,,,,,,,,,,,,,,,,,,,,,,,,,,,,,,,,,,,,,,,,,"47.839135000","0.000008000","0.120792000","0.000009000"
"52","1","0",,,,"64","6","126720","5945","3116","0","61","0","0x00000010","0.000054000",,,,,,,,,,,,,,,,,,,,,,,,,,,,,,,,,,,,,,,,,,,,"47.839136000","0.000001000","0.120793000","0.000001000"
"52","1","0",,,,"64","6","123808","8841","3116","0","61","0","0x00000010","0.000052000",,,,,,,,,,,,,,,,,,,,,,,,,,,,,,,,,,,,,,,,,,,,"47.839136000","0.000000000","0.120793000","0.000000000"
"52","1","0",,,,"64","6","120928","11737","3116","0","61","0","0x00000010","0.000049000",,,,,,,,,,,,,,,,,,,,,,,,,,,,,,,,,,,,,,,,,,,,"47.839136000","0.000000000","0.120793000","0.000000000"
"52","1","0",,,,"64","6","118016","14633","3116","0","61","0","0x00000010","0.000047000",,,,,,,,,,,,,,,,,,,,,,,,,,,,,,,,,,,,,,,,,,,,"47.839136000","0.000000000","0.120793000","0.000000000"
"52","1","0",,,,"64","6","115136","17529","3116","0","61","0","0x00000010","0.000012000",,,,,,,,,,,,,,,,,,,,,,,,,,,,,,,,,,,,,,,,,,,,"47.839136000","0.000000000","0.120793000","0.000000000"
"52","1","0",,,,"64","6","112224","20425","3116","0","61","0","0x00000010","0.000011000",,,,,,,,,,,,,,,,,,,,,,,,,,,,,,,,,,,,,,,,,,,,"47.839137000","0.000001000","0.120794000","0.000001000"
"52","1","0",,,,"64","6","128192","21873","3116","0","61","0","0x00000010","0.000095000",,,,,,,,,,,,,,,,,,,,,,,,,,,,,,,,,,,,,,,,,,,,"47.839221000","0.000084000","0.120878000","0.000084000"
"1500","0","0",,,,"54","6","30080","518","1","1448","62","0","0x00000010",,,,"1","1","22",,,,,,,,,,,,,,,,,,,,,,,,,,,,,,,,,,,,,,,"47.839315000","0.000094000","0.013616000","0.000188000"
"1500","0","0",,,,"54","6","30080","518","1449","1448","62","0","0x00000010",,,,,,,,,,,,,,,,,,,,,,,,,,,,,,,,,,,,,,,,,,,,,"47.839317000","0.000002000","0.013618000","0.000002000"
"943","1","0",,,,"55","6","30080","518","2897","891","62","0","0x00000018",,"1","2867","1","1","22",,"1644",,,,,,,,,,,,,,,,,,,,,,,,,,,,,,,,,,,,,"47.839318000","0.000001000","0.013619000","0.000001000"
"52","0","0",,,,"50","6","33024","2017","153","0","60","0","0x00000010","0.040129000",,,,,,,,,,,,,,,,,,,,,,,,,,,,,,,,,,,,,,,,,,,,"47.839319000","0.000001000","0.121350000","0.040128000"
"52","0","0",,,,"51","6","33024","2017","153","0","59","0","0x00000010","0.040855000",,,,,,,,,,,,,,,,,,,,,,,,,,,,,,,,,,,,,,,,,,,,"47.839319000","0.000000000","0.121593000","0.040855000"
"52","1","0",,,,"64","6","128864","2897","518","0","62","0","0x00000010","0.000044000",,,,,,,,,,,,,,,,,,,,,,,,,,,,,,,,,,,,,,,,,,,,"47.839361000","0.000042000","0.013662000","0.000043000"
"52","1","0",,,,"64","6","127968","3788","518","0","62","0","0x00000010","0.000043000",,,,,,,,,,,,,,,,,,,,,,,,,,,,,,,,,,,,,,,,,,,,"47.839361000","0.000000000","0.013662000","0.000000000"
"52","1","0",,,,"64","6","131072","3788","518","0","62","0","0x00000010",,,,,,,,,,,,,,,,,,,,,,,,,,,,,,,,,,,,,,,,,,,,,"47.839383000","0.000022000","0.013684000","0.000022000"
"1500","0","0",,,,"50","6","35840","3116","21873","1448","61","0","0x00000010",,,,,,,,,,,,,,,,,,,,,,,,,,,,,,,,,,,,,,,,,,,,,"47.839474000","0.000091000","0.121131000","0.000253000"
"1500","0","0",,,,"51","6","35840","3121","153","1448","59","0","0x00000010","0.041012000",,,,,,,,,,,,,,,,,,,,,,,,,,,,,,,,,,,,,,,,,,,,"47.839476000","0.000002000","0.121750000","0.000157000"
"1500","1","0",,,,"52","6","35840","3121","1601","1448","59","0","0x00000010",,,,,,,,,,,,,,,,,,,,,,,,,,,,,,,,,,,,,,,,,,,,,"47.839476000","0.000000000","0.121750000","0.000000000"
"1500","1","0",,,,"52","6","35840","3121","3049","1448","59","0","0x00000010",,,,,,,,,,,,,,,,,,,,,,,,,,,,,,,,,,,,,,,,,,,,,"47.839477000","0.000001000","0.121751000","0.000001000"
"1500","1","0",,,,"52","6","35840","3121","4497","1448","59","0","0x00000010",,,,,,,,,,,,,,,,,,,,,,,,,,,,,,,,,,,,,,,,,,,,,"47.839478000","0.000001000","0.121752000","0.000001000"
"1500","1","0",,,,"52","6","35840","3121","5945","1448","59","0","0x00000010",,,,,,,,,,,,,,,,,,,,,,,,,,,,,,,,,,,,,,,,,,,,,"47.839479000","0.000001000","0.121753000","0.000001000"
"1500","1","0",,,,"52","6","35840","3121","7393","1448","59","0","0x00000010",,,,,,,,,,,,,,,,,,,,,,,,,,,,,,,,,,,,,,,,,,,,,"47.839480000","0.000001000","0.121754000","0.000001000"
"1500","1","0",,,,"52","6","35840","3121","8841","1448","59","0","0x00000010",,,,,,,,,,,,,,,,,,,,,,,,,,,,,,,,,,,,,,,,,,,,,"47.839481000","0.000001000","0.121755000","0.000001000"
"1500","1","0",,,,"52","6","35840","3121","10289","1448","59","0","0x00000010",,,,,,,,,,,,,,,,,,,,,,,,,,,,,,,,,,,,,,,,,,,,,"47.839482000","0.000001000","0.121756000","0.000001000"
"1500","1","0",,,,"52","6","35840","3121","11737","1448","59","0","0x00000010",,,,,,,,,,,,,,,,,,,,,,,,,,,,,,,,,,,,,,,,,,,,,"47.839482000","0.000000000","0.121756000","0.000000000"
"52","1","0",,,,"64","6","128704","3049","3121","0","59","0","0x00000010","0.000065000",,,,,,,,,,,,,,,,,,,,,,,,,,,,,,,,,,,,,,,,,,,,"47.839541000","0.000059000","0.121815000","0.000059000"
"52","1","0",,,,"64","6","125824","5945","3121","0","59","0","0x00000010","0.000063000",,,,,,,,,,,,,,,,,,,,,,,,,,,,,,,,,,,,,,,,,,,,"47.839541000","0.000000000","0.121815000","0.000000000"
"52","1","0",,,,"64","6","122912","8841","3121","0","59","0","0x00000010","0.000061000",,,,,,,,,,,,,,,,,,,,,,,,,,,,,,,,,,,,,,,,,,,,"47.839541000","0.000000000","0.121815000","0.000000000"
"52","1","0",,,,"64","6","120032","11737","3121","0","59","0","0x00000010","0.000060000",,,,,,,,,,,,,,,,,,,,,,,,,,,,,,,,,,,,,,,,,,,,"47.839542000","0.000001000","0.121816000","0.000001000"
"1500","1","0",,,,"52","6","35840","3121","13185","1448","59","0","0x00000010",,,,,,,,,,,,,,,,,,,,,,,,,,,,,,,,,,,,,,,,,,,,,"47.839728000","0.000186000","0.122002000","0.000186000"
"1500","1","0",,,,"52","6","35840","3121","14633","1448","59","0","0x00000010",,,,,,,,,,,,,,,,,,,,,,,,,,,,,,,,,,,,,,,,,,,,,"47.839729000","0.000001000","0.122003000","0.000001000"
"1500","1","0",,,,"52","6","35840","3121","16081","1448","59","0","0x00000010",,"1","16413",,"1","23",,,,,,,,,,,,,,,,,,,,,,,,,,,,,,,,,,,,,,,"47.839730000","0.000001000","0.122004000","0.000001000"
"1500","1","0",,,,"52","6","35840","3121","17529","1448","59","0","0x00000010",,,,,,,,,,,,,,,,,,,,,,,,,,,,,,,,,,,,,,,,,,,,,"47.839731000","0.000001000","0.122005000","0.000001000"
"1500","1","0",,,,"52","6","35840","3121","18977","1448","59","0","0x00000010",,,,,,,,,,,,,,,,,,,,,,,,,,,,,,,,,,,,,,,,,,,,,"47.839731000","0.000000000","0.122005000","0.000000000"
"1500","1","0",,,,"52","6","35840","3121","20425","1448","59","0","0x00000010",,,,,,,,,,,,,,,,,,,,,,,,,,,,,,,,,,,,,,,,,,,,,"47.839733000","0.000002000","0.122007000","0.000002000"
"52","1","0",,,,"64","6","117120","14633","3121","0","59","0","0x00000010","0.000060000",,,,,,,,,,,,,,,,,,,,,,,,,,,,,,,,,,,,,,,,,,,,"47.839788000","0.000055000","0.122062000","0.000055000"
"52","1","0",,,,"64","6","114240","17529","3121","0","59","0","0x00000010","0.000059000",,,,,,,,,,,,,,,,,,,,,,,,,,,,,,,,,,,,,,,,,,,,"47.839789000","0.000001000","0.122063000","0.000001000"
"52","1","0",,,,"64","6","111328","20425","3121","0","59","0","0x00000010","0.000058000",,,,,,,,,,,,,,,,,,,,,,,,,,,,,,,,,,,,,,,,,,,,"47.839789000","0.000000000","0.122063000","0.000000000"
"178","1","0",,,,"64","6","131072","3788","518","126","62","0","0x00000018",,,,"1","1","22",,,,,,,,,,,,,,,,,,,,,,,,,,,,,,,,,,,,,,,"47.839897000","0.000108000","0.014198000","0.000514000"
"52","1","0",,,,"64","6","126752","21873","3121","0","59","0","0x00000010","0.000366000",,,,,,,,,,,,,,,,,,,,,,,,,,,,,,,,,,,,,,,,,,,,"47.840099000","0.000202000","0.122373000","0.000310000"
"52","1","0",,,,"64","6","131072","23321","3116","0","61","0","0x00000010","0.001438000",,,,,,,,,,,,,,,,,,,,,,,,,,,,,,,,,,,,,,,,,,,,"47.840912000","0.000813000","0.122569000","0.001438000"
"52","1","0",,,,"64","6","131072","21873","3121","0","59","0","0x00000010",,,,,,,,,,,,,,,,,,,,,,,,,,,,,,,,,,,,,,,,,,,,,"47.841644000","0.000732000","0.123918000","0.001545000"
"1500","0","0",,,,"50","6","35840","3114","153","1448","60","0","0x00000010","0.042680000",,,,,,,,,,,,,,,,,,,,,,,,,,,,,,,,,,,,,,,,,,,,"47.841871000","0.000227000","0.123902000","0.002552000"
"1500","1","0",,,,"51","6","35840","3114","1601","1448","60","0","0x00000010",,,,,,,,,,,,,,,,,,,,,,,,,,,,,,,,,,,,,,,,,,,,,"47.841874000","0.000003000","0.123905000","0.000003000"
"1500","1","0",,,,"51","6","35840","3114","3049","1448","60","0","0x00000010",,,,,,,,,,,,,,,,,,,,,,,,,,,,,,,,,,,,,,,,,,,,,"47.841875000","0.000001000","0.123906000","0.000001000"
"1500","1","0",,,,"51","6","35840","3114","4497","1448","60","0","0x00000010",,,,,,,,,,,,,,,,,,,,,,,,,,,,,,,,,,,,,,,,,,,,,"47.841875000","0.000000000","0.123906000","0.000000000"
"1500","1","0",,,,"51","6","35840","3114","5945","1448","60","0","0x00000010",,,,,,,,,,,,,,,,,,,,,,,,,,,,,,,,,,,,,,,,,,,,,"47.841876000","0.000001000","0.123907000","0.000001000"
"1500","1","0",,,,"51","6","35840","3114","7393","1448","60","0","0x00000010",,,,,,,,,,,,,,,,,,,,,,,,,,,,,,,,,,,,,,,,,,,,,"47.841878000","0.000002000","0.123909000","0.000002000"
"1500","1","0",,,,"51","6","35840","3114","8841","1448","60","0","0x00000010",,,,,,,,,,,,,,,,,,,,,,,,,,,,,,,,,,,,,,,,,,,,,"47.841879000","0.000001000","0.123910000","0.000001000"
"1500","1","0",,,,"51","6","35840","3114","10289","1448","60","0","0x00000010",,,,,,,,,,,,,,,,,,,,,,,,,,,,,,,,,,,,,,,,,,,,,"47.841880000","0.000001000","0.123911000","0.000001000"
"1500","1","0",,,,"51","6","35840","3114","11737","1448","60","0","0x00000010",,,,,,,,,,,,,,,,,,,,,,,,,,,,,,,,,,,,,,,,,,,,,"47.841881000","0.000001000","0.123912000","0.000001000"
"52","1","0",,,,"64","6","128704","3049","3114","0","60","0","0x00000010","0.000037000",,,,,,,,,,,,,,,,,,,,,,,,,,,,,,,,,,,,,,,,,,,,"47.841911000","0.000030000","0.123942000","0.000030000"
"52","1","0",,,,"64","6","125824","5945","3114","0","60","0","0x00000010","0.000037000",,,,,,,,,,,,,,,,,,,,,,,,,,,,,,,,,,,,,,,,,,,,"47.841912000","0.000001000","0.123943000","0.000001000"
"52","1","0",,,,"64","6","122912","8841","3114","0","60","0","0x00000010","0.000040000",,,,,,,,,,,,,,,,,,,,,,,,,,,,,,,,,,,,,,,,,,,,"47.841918000","0.000006000","0.123949000","0.000006000"
"52","1","0",,,,"64","6","120032","11737","3114","0","60","0","0x00000010","0.000038000",,,,,,,,,,,,,,,,,,,,,,,,,,,,,,,,,,,,,,,,,,,,"47.841918000","0.000000000","0.123949000","0.000000000"
"52","1","0",,,,"64","6","131072","13185","3114","0","60","0","0x00000010","0.000049000",,,,,,,,,,,,,,,,,,,,,,,,,,,,,,,,,,,,,,,,,,,,"47.841930000","0.000012000","0.123961000","0.000012000"
"1500","1","0",,,,"51","6","35840","3114","13185","1448","60","0","0x00000010",,,,,,,,,,,,,,,,,,,,,,,,,,,,,,,,,,,,,,,,,,,,,"47.842006000","0.000076000","0.124037000","0.000076000"
"1500","1","0",,,,"51","6","35840","3114","14633","1448","60","0","0x00000010",,,,,,,,,,,,,,,,,,,,,,,,,,,,,,,,,,,,,,,,,,,,,"47.842008000","0.000002000","0.124039000","0.000002000"
"1500","1","0",,,,"51","6","35840","3114","16081","1448","60","0","0x00000010",,"1","16413",,"1","23",,,,,,,,,,,,,,,,,,,,,,,,,,,,,,,,,,,,,,,"47.842009000","0.000001000","0.124040000","0.000001000"
"1500","1","0",,,,"51","6","35840","3114","17529","1448","60","0","0x00000010",,,,,,,,,,,,,,,,,,,,,,,,,,,,,,,,,,,,,,,,,,,,,"47.842010000","0.000001000","0.124041000","0.000001000"
"1500","1","0",,,,"51","6","35840","3114","18977","1448","60","0","0x00000010",,,,,,,,,,,,,,,,,,,,,,,,,,,,,,,,,,,,,,,,,,,,,"47.842011000","0.000001000","0.124042000","0.000001000"
"1500","1","0",,,,"51","6","35840","3114","20425","1448","60","0","0x00000010",,,,,,,,,,,,,,,,,,,,,,,,,,,,,,,,,,,,,,,,,,,,,"47.842012000","0.000001000","0.124043000","0.000001000"
"1500","1","0",,,,"51","6","35840","3114","21873","1448","60","0","0x00000010",,,,,,,,,,,,,,,,,,,,,,,,,,,,,,,,,,,,,,,,,,,,,"47.842013000","0.000001000","0.124044000","0.000001000"
"52","1","0",,,,"64","6","128160","16081","3114","0","60","0","0x00000010","0.000021000",,,,,,,,,,,,,,,,,,,,,,,,,,,,,,,,,,,,,,,,,,,,"47.842029000","0.000016000","0.124060000","0.000016000"
"52","1","0",,,,"64","6","125280","18977","3114","0","60","0","0x00000010","0.000019000",,,,,,,,,,,,,,,,,,,,,,,,,,,,,,,,,,,,,,,,,,,,"47.842029000","0.000000000","0.124060000","0.000000000"
"52","1","0",,,,"64","6","122368","21873","3114","0","60","0","0x00000010","0.000022000",,,,,,,,,,,,,,,,,,,,,,,,,,,,,,,,,,,,,,,,,,,,"47.842034000","0.000005000","0.124065000","0.000005000"
"1500","0","0",,,,"51","6","35840","3121","21873","1448","59","0","0x00000010",,,,,,,,,,,,,,,,,,,,,,,,,,,,,,,,,,,,,,,,,,,,,"47.842110000","0.000076000","0.124384000","0.000466000"
"52","1","0",,,,"64","6","131072","23321","3114","0","60","0","0x00000010","0.000104000",,,,,,,,,,,,,,,,,,,,,,,,,,,,,,,,,,,,,,,,,,,,"47.842117000","0.000007000","0.124148000","0.000083000"
"549","1","0",,,,"64","6","131072","3788","644","497","62","0","0x00000018",,,,,"1","23",,,,,,,,,,,,,,,,,,,,,,,,,,,,,,,,,,,,,,,"47.843849000","0.001732000","0.018150000","0.003952000"
"310","0","0",,,,"54","6","30080","644","3788","258","62","0","0x00000018","0.006619000",,,"1","1","22",,,,,,,,,,,,,,,,,,,,,,,,,,,,,,,,,,,,,,,"47.846516000","0.002667000","0.020817000","0.002667000"
"52","1","0",,,,"64","6","130784","4046","1141","0","62","0","0x00000010","0.000085000",,,,,,,,,,,,,,,,,,,,,,,,,,,,,,,,,,,,,,,,,,,,"47.846601000","0.000085000","0.020902000","0.000085000"
"1500","1","0",,,,"51","6","53248","10932","60710","1448","57","0","0x00000010",,,,,,,,,,,,,,,,,,,,,,,,,,,,,,,,,,,,,,,,,,,,,"47.850063000","0.003462000","0.813387000","0.029880000"
"1500","1","0",,,,"52","6","53248","10932","62158","1448","57","0","0x00000010",,,,,,,,,,,,,,,,,,,,,,,,,,,,,,,,,,,,,,,,,,,,,"47.850425000","0.000362000","0.813749000","0.000362000"
"1500","1","0",,,,"52","6","53248","10932","63606","1448","57","0","0x00000010",,,,,,,,,,,,,,,,,,,,,,,,,,,,,,,,,,,,,,,,,,,,,"47.850428000","0.000003000","0.813752000","0.000003000"
"1500","1","0",,,,"52","6","53248","10932","65054","1448","57","0","0x00000010",,,,,,,,,,,,,,,,,,,,,,,,,,,,,,,,,,,,,,,,,,,,,"47.850429000","0.000001000","0.813753000","0.000001000"
"52","1","0",,,,"64","6","129600","63606","10932","0","57","0","0x00000010","0.000033000",,,,,,,,,,,,,,,,,,,,,,,,,,,,,,,,,,,,,,,,,,,,"47.850458000","0.000029000","0.813782000","0.000029000"
"52","1","0",,,,"64","6","126720","66502","10932","0","57","0","0x00000010","0.000029000",,,,,,,,,,,,,,,,,,,,,,,,,,,,,,,,,,,,,,,,,,,,"47.850458000","0.000000000","0.813782000","0.000000000"
"52","1","0",,,,"64","6","131072","66502","10932","0","57","0","0x00000010",,,,,,,,,,,,,,,,,,,,,,,,,,,,,,,,,,,,,,,,,,,,,"47.850504000","0.000046000","0.813828000","0.000046000"
"1500","1","0",,,,"51","6","53248","10932","66502","1448","57","0","0x00000010",,"1","16413",,"1","23",,,,,,,,,,,,,,,,,,,,,,,,,,,,,,,,,,,,,,,"47.852005000","0.001501000","0.815329000","0.001501000"
"1500","1","0",,,,"52","6","53248","10932","67950","1448","57","0","0x00000010",,,,,,,,,,,,,,,,,,,,,,,,,,,,,,,,,,,,,,,,,,,,,"47.852008000","0.000003000","0.815332000","0.000003000"
"52","1","0",,,,"64","6","128160","69398","10932","0","57","0","0x00000010","0.000046000",,,,,,,,,,,,,,,,,,,,,,,,,,,,,,,,,,,,,,,,,,,,"47.852054000","0.000046000","0.815378000","0.000046000"
"52","1","0",,,,"64","6","131072","69398","10932","0","57","0","0x00000010",,,,,,,,,,,,,,,,,,,,,,,,,,,,,,,,,,,,,,,,,,,,,"47.852094000","0.000040000","0.815418000","0.000040000"
"1500","1","0",,,,"51","6","53248","10932","69398","1448","57","0","0x00000010",,,,,,,,,,,,,,,,,,,,,,,,,,,,,,,,,,,,,,,,,,,,,"47.853001000","0.000907000","0.816325000","0.000907000"
"1500","1","0",,,,"52","6","53248","10932","70846","1448","57","0","0x00000010",,,,,,,,,,,,,,,,,,,,,,,,,,,,,,,,,,,,,,,,,,,,,"47.853002000","0.000001000","0.816326000","0.000001000"
"52","1","0",,,,"64","6","128160","72294","10932","0","57","0","0x00000010","0.000089000",,,,,,,,,,,,,,,,,,,,,,,,,,,,,,,,,,,,,,,,,,,,"47.853091000","0.000089000","0.816415000","0.000089000"
"52","1","0",,,,"64","6","131072","72294","10932","0","57","0","0x00000010",,,,,,,,,,,,,,,,,,,,,,,,,,,,,,,,,,,,,,,,,,,,,"47.853092000","0.000001000","0.816416000","0.000001000"
"1500","1","0",,,,"51","6","53248","10932","72294","1448","57","0","0x00000010",,,,,,,,,,,,,,,,,,,,,,,,,,,,,,,,,,,,,,,,,,,,,"47.854177000","0.001085000","0.817501000","0.001085000"
"1500","1","0",,,,"52","6","53248","10932","73742","1448","57","0","0x00000010",,,,,,,,,,,,,,,,,,,,,,,,,,,,,,,,,,,,,,,,,,,,,"47.854178000","0.000001000","0.817502000","0.000001000"
"52","1","0",,,,"64","6","128160","75190","10932","0","57","0","0x00000010","0.000021000",,,,,,,,,,,,,,,,,,,,,,,,,,,,,,,,,,,,,,,,,,,,"47.854199000","0.000021000","0.817523000","0.000021000"
"52","1","0",,,,"64","6","131072","75190","10932","0","57","0","0x00000010",,,,,,,,,,,,,,,,,,,,,,,,,,,,,,,,,,,,,,,,,,,,,"47.854301000","0.000102000","0.817625000","0.000102000"
"1500","1","0",,,,"51","6","53248","10932","75190","1448","57","0","0x00000010",,,,,,,,,,,,,,,,,,,,,,,,,,,,,,,,,,,,,,,,,,,,,"47.855535000","0.001234000","0.818859000","0.001234000"
"1500","1","0",,,,"52","6","53248","10932","76638","1448","57","0","0x00000010",,,,,,,,,,,,,,,,,,,,,,,,,,,,,,,,,,,,,,,,,,,,,"47.855537000","0.000002000","0.818861000","0.000002000"
"52","1","0",,,,"64","6","128160","78086","10932","0","57","0","0x00000010","0.000020000",,,,,,,,,,,,,,,,,,,,,,,,,,,,,,,,,,,,,,,,,,,,"47.855557000","0.000020000","0.818881000","0.000020000"
"52","1","0",,,,"64","6","131072","78086","10932","0","57","0","0x00000010",,,,,,,,,,,,,,,,,,,,,,,,,,,,,,,,,,,,,,,,,,,,,"47.855674000","0.000117000","0.818998000","0.000117000"
"1500","1","0",,,,"51","6","53248","10932","78086","1448","57","0","0x00000010",,,,,,,,,,,,,,,,,,,,,,,,,,,,,,,,,,,,,,,,,,,,,"47.855899000","0.000225000","0.819223000","0.000225000"
"1500","1","0",,,,"51","6","53248","10932","79534","1448","57","0","0x00000010",,"1","12149",,"1","23",,,,,,,,,,,,,,,,,,,,,,,,,,,,,,,,,,,,,,,"47.857187000","0.001288000","0.820511000","0.001288000"
"52","1","0",,,,"64","6","129600","80982","10932","0","57","0","0x00000010","0.000022000",,,,,,,,,,,,,,,,,,,,,,,,,,,,,,,,,,,,,,,,,,,,"47.857209000","0.000022000","0.820533000","0.000022000"
"1500","1","0",,,,"51","6","53248","10932","80982","1448","57","0","0x00000010",,,,,,,,,,,,,,,,,,,,,,,,,,,,,,,,,,,,,,,,,,,,,"47.857510000","0.000301000","0.820834000","0.000301000"
"1500","1","0",,,,"51","6","53248","10932","82430","1448","57","0","0x00000010",,,,,,,,,,,,,,,,,,,,,,,,,,,,,,,,,,,,,,,,,,,,,"47.857513000","0.000003000","0.820837000","0.000003000"
"52","1","0",,,,"64","6","128160","83878","10932","0","57","0","0x00000010","0.000021000",,,,,,,,,,,,,,,,,,,,,,,,,,,,,,,,,,,,,,,,,,,,"47.857534000","0.000021000","0.820858000","0.000021000"
"52","1","0",,,,"64","6","131072","83878","10932","0","57","0","0x00000010",,,,,,,,,,,,,,,,,,,,,,,,,,,,,,,,,,,,,,,,,,,,,"47.857993000","0.000459000","0.821317000","0.000459000"
"1500","1","0",,,,"51","6","53248","10932","83878","1448","57","0","0x00000010",,,,,,,,,,,,,,,,,,,,,,,,,,,,,,,,,,,,,,,,,,,,,"47.858286000","0.000293000","0.821610000","0.000293000"
"1500","1","0",,,,"52","6","53248","10932","85326","1448","57","0","0x00000010",,,,,,,,,,,,,,,,,,,,,,,,,,,,,,,,,,,,,,,,,,,,,"47.858288000","0.000002000","0.821612000","0.000002000"
"52","1","0",,,,"64","6","128160","86774","10932","0","57","0","0x00000010","0.000027000",,,,,,,,,,,,,,,,,,,,,,,,,,,,,,,,,,,,,,,,,,,,"47.858315000","0.000027000","0.821639000","0.000027000"
"52","1","0",,,,"64","6","131072","86774","10932","0","57","0","0x00000010",,,,,,,,,,,,,,,,,,,,,,,,,,,,,,,,,,,,,,,,,,,,,"47.858347000","0.000032000","0.821671000","0.000032000"
"1500","1","0",,,,"51","6","53248","10932","86774","1448","57","0","0x00000010",,,,,,,,,,,,,,,,,,,,,,,,,,,,,,,,,,,,,,,,,,,,,"47.858635000","0.000288000","0.821959000","0.000288000"
"1500","1","0",,,,"51","6","53248","10932","88222","1448","57","0","0x00000010",,,,,,,,,,,,,,,,,,,,,,,,,,,,,,,,,,,,,,,,,,,,,"47.858637000","0.000002000","0.821961000","0.000002000"
"52","1","0",,,,"64","6","128160","89670","10932","0","57","0","0x00000010","0.000024000",,,,,,,,,,,,,,,,,,,,,,,,,,,,,,,,,,,,,,,,,,,,"47.858661000","0.000024000","0.821985000","0.000024000"
"52","1","0",,,,"64","6","131072","89670","10932","0","57","0","0x00000010",,,,,,,,,,,,,,,,,,,,,,,,,,,,,,,,,,,,,,,,,,,,,"47.858686000","0.000025000","0.822010000","0.000025000"
"1500","1","0",,,,"51","6","53248","10932","89670","1448","57","0","0x00000010",,,,,,,,,,,,,,,,,,,,,,,,,,,,,,,,,,,,,,,,,,,,,"47.859637000","0.000951000","0.822961000","0.000951000"
"1500","1","0",,,,"52","6","53248","10932","91118","1448","57","0","0x00000010",,,,,,,,,,,,,,,,,,,,,,,,,,,,,,,,,,,,,,,,,,,,,"47.859639000","0.000002000","0.822963000","0.000002000"
"52","1","0",,,,"64","6","128160","92566","10932","0","57","0","0x00000010","0.000045000",,,,,,,,,,,,,,,,,,,,,,,,,,,,,,,,,,,,,,,,,,,,"47.859684000","0.000045000","0.823008000","0.000045000"
"52","1","0",,,,"64","6","131072","92566","10932","0","57","0","0x00000010",,,,,,,,,,,,,,,,,,,,,,,,,,,,,,,,,,,,,,,,,,,,,"47.859737000","0.000053000","0.823061000","0.000053000"
"1500","1","0",,,,"51","6","53248","10932","92566","1448","57","0","0x00000010",,,,,,,,,,,,,,,,,,,,,,,,,,,,,,,,,,,,,,,,,,,,,"47.861052000","0.001315000","0.824376000","0.001315000"
"1500","1","0",,,,"52","6","53248","10932","94014","1448","57","0","0x00000010",,,,,,,,,,,,,,,,,,,,,,,,,,,,,,,,,,,,,,,,,,,,,"47.861054000","0.000002000","0.824378000","0.000002000"
"52","1","0",,,,"64","6","128160","95462","10932","0","57","0","0x00000010","0.000037000",,,,,,,,,,,,,,,,,,,,,,,,,,,,,,,,,,,,,,,,,,,,"47.861091000","0.000037000","0.824415000","0.000037000"
"52","1","0",,,,"64","6","131072","95462","10932","0","57","0","0x00000010",,,,,,,,,,,,,,,,,,,,,,,,,,,,,,,,,,,,,,,,,,,,,"47.861131000","0.000040000","0.824455000","0.000040000"
"1500","1","0",,,,"51","6","53248","10932","95462","1448","57","0","0x00000010",,"1","16413",,"1","23",,,,,,,,,,,,,,,,,,,,,,,,,,,,,,,,,,,,,,,"47.862134000","0.001003000","0.825458000","0.001003000"
"1500","1","0",,,,"52","6","53248","10932","96910","1448","57","0","0x00000010",,,,,,,,,,,,,,,,,,,,,,,,,,,,,,,,,,,,,,,,,,,,,"47.862136000","0.000002000","0.825460000","0.000002000"
"52","1","0",,,,"64","6","128160","98358","10932","0","57","0","0x00000010","0.000031000",,,,,,,,,,,,,,,,,,,,,,,,,,,,,,,,,,,,,,,,,,,,"47.862167000","0.000031000","0.825491000","0.000031000"
"1500","1","0",,,,"51","6","53248","10932","98358","1448","57","0","0x00000010",,,,,,,,,,,,,,,,,,,,,,,,,,,,,,,,,,,,,,,,,,,,,"47.862451000","0.000284000","0.825775000","0.000284000"
"1500","1","0",,,,"51","6","53248","10932","99806","1448","57","0","0x00000010",,,,,,,,,,,,,,,,,,,,,,,,,,,,,,,,,,,,,,,,,,,,,"47.862454000","0.000003000","0.825778000","0.000003000"
"52","1","0",,,,"64","6","125280","101254","10932","0","57","0","0x00000010","0.000024000",,,,,,,,,,,,,,,,,,,,,,,,,,,,,,,,,,,,,,,,,,,,"47.862478000","0.000024000","0.825802000","0.000024000"
"52","1","0",,,,"64","6","131072","101254","10932","0","57","0","0x00000010",,,,,,,,,,,,,,,,,,,,,,,,,,,,,,,,,,,,,,,,,,,,,"47.862559000","0.000081000","0.825883000","0.000081000"
"1500","1","0",,,,"51","6","53248","10932","101254","1448","57","0","0x00000010",,,,,,,,,,,,,,,,,,,,,,,,,,,,,,,,,,,,,,,,,,,,,"47.863574000","0.001015000","0.826898000","0.001015000"
"1500","1","0",,,,"52","6","53248","10932","102702","1448","57","0","0x00000010",,,,,,,,,,,,,,,,,,,,,,,,,,,,,,,,,,,,,,,,,,,,,"47.863576000","0.000002000","0.826900000","0.000002000"
"52","1","0",,,,"64","6","128160","104150","10932","0","57","0","0x00000010","0.000049000",,,,,,,,,,,,,,,,,,,,,,,,,,,,,,,,,,,,,,,,,,,,"47.863625000","0.000049000","0.826949000","0.000049000"
"52","1","0",,,,"64","6","131072","104150","10932","0","57","0","0x00000010",,,,,,,,,,,,,,,,,,,,,,,,,,,,,,,,,,,,,,,,,,,,,"47.863694000","0.000069000","0.827018000","0.000069000"
